Article ID,URL,Name,Category,cluster,x,y,z,top_terms
KB-001,https://help.zipboard.co,zipBoard Help,General,2,8.259809,8.759662,4.890649,"articles, article, 38, 10, base, knowledge, integration, 22"
KB-002,https://help.zipboard.co/,zipBoard Help,General,2,8.245898,8.73239,4.902366,"articles, article, 38, 10, base, knowledge, integration, 22"
KB-003,https://help.zipboard.co/article/104-track-all-your-visual-bug-reports-from-slack,Help Scout - Log In,Article,6,-0.50717837,3.4751902,-0.78036755,"javascript, browser, option, google, click, restart, effect, mac"
KB-004,https://help.zipboard.co/article/107-what-is-a-project-phase,What is a Project Phase? - zipBoard Help,Article,8,6.206167,12.975587,1.9664189,"phase, project, stages, example, create, kanban, integration, development"
KB-005,https://help.zipboard.co/article/108-how-do-i-create-a-project-phase,How do I create a Project Phase? - zipBoard Help,Article,8,6.259682,12.993352,1.9581326,"phase, integration, project, estimated, create, completion, optional, tools"
KB-006,https://help.zipboard.co/article/109-what-is-project-phase-status,What is Project Phase Status? - zipBoard Help,Article,8,6.113354,12.84277,2.101822,"phase, project, set, integration, status, create, right, hold"
KB-007,https://help.zipboard.co/article/110-what-is-completion-date-in-a-project-phase,What is Completion Date in a Project Phase? - zipBoard Help,Article,8,6.2142634,12.971549,2.0086603,"phase, project, completion, date, integration, create, finished, marker"
KB-008,https://help.zipboard.co/article/111-how-many-project-phases-can-i-create,How Many Project Phases Can I Create? - zipBoard Help,Article,8,6.2231894,12.898601,2.0308495,"phase, project, create, phases, integration, limit, plans, completion"
KB-009,https://help.zipboard.co/article/112-how-do-i-assign-files-tasks-and-comments-to-a-project-phase,"How do I assign Files, Tasks and Comments to a project phase? - zipBoard Help",Article,8,6.169383,12.943614,2.0157025,"phase, add, existing, project, tasks, select, comments, click"
KB-010,https://help.zipboard.co/article/113-who-can-create-a-project-phase,Who Can Create a Project Phase? - zipBoard Help,Article,8,6.1441545,12.889782,2.0556257,"phase, project, create, integration, owners, completion, tools, date"
KB-011,https://help.zipboard.co/article/114-how-do-i-install-zipboards-internet-explorer-extension,How do I install zipBoard's Internet Explorer extension? - zipBoard Help,Article,7,7.77822,9.802848,6.105751,"internet, explorer, button, install, run, click, plugin, zipboard"
KB-012,https://help.zipboard.co/article/119-signing-up-for-zipboard,How to Sign Up for zipBoard - zipBoard Help,Article,2,8.387556,9.429637,5.2653203,"sign, sso, zipboard, guide, organization, enterprise, credentials, review"
KB-013,https://help.zipboard.co/article/120-log-in-to-zipboard,How to Log In to zipBoard - zipBoard Help,Article,2,8.193591,9.341229,5.4555745,"password, step, login, zipboard, forgot, log, click, integration"
KB-014,https://help.zipboard.co/article/121-recover-account-or-forgotten-password,Recover Account or Forgotten Password - zipBoard Help,Article,2,8.110497,9.2,5.4149904,"password, recover, forgot, reset, forgotten, forget, redirected, link"
KB-015,https://help.zipboard.co/article/122-adding-a-collaborator-or-reviewer-account,Adding a collaborator or reviewer account - zipBoard Help,Article,4,9.370019,12.294652,1.351471,"reviewer, collaborator, project, add, invite, appears, reviewers, invited"
KB-016,https://help.zipboard.co/article/123-adding-a-manager-account,Adding a Manager Account - zipBoard Help,Article,4,9.340713,12.401793,0.77352256,"managers, organization, business, manager, member, added, add, admins"
KB-017,https://help.zipboard.co/article/125-creating-a-project,Creating a Project in zipBoard - zipBoard Help,Article,2,9.822313,9.386681,3.8889227,"template, scratch, project, option, templates, design, build, zipboard"
KB-018,https://help.zipboard.co/article/126-working-in-the-zipboard-account-dashboard,Working in the zipBoard Account Dashboard - zipBoard Help,Article,5,7.8010683,11.435461,2.668621,"dashboard, project, cards, search, zipboard, working, integration, bar"
KB-019,https://help.zipboard.co/article/127-managing-the-project-dashboard,Managing the Project Dashboard - zipBoard Help,Article,5,7.6159844,11.462286,2.9303076,"project, tasks, displays, dashboard, properties, shows, menu, create"
KB-020,https://help.zipboard.co/article/128-parts-of-a-zipboard-project,Parts of a zipBoard project - zipBoard Help,Article,5,7.4691844,11.705943,2.988706,"project, panel, properties, tasks, phase, selecting, captured, file"
KB-021,https://help.zipboard.co/article/129-create-and-modify-a-task,How to Create or Modify a Task? - zipBoard Help,Article,5,7.1713166,11.327121,3.682259,"task, modify, properties, information, select, project, add, click"
KB-022,https://help.zipboard.co/article/130-converting-comments-to-tasks,Converting Feedback to Tasks - zipBoard Help,Article,5,7.270432,11.022745,3.771766,"converted, converting, feedback, integration, task, concerned, comment, conversion"
KB-023,https://help.zipboard.co/article/131-can-my-clients-be-external-collaborators-for-my-zipboard-project,Can my clients be external collaborators for my zipBoard project? - zipBoard Help,Article,9,10.123387,12.410555,2.154649,"clients, share, project, link, admins, ask, lifecycle, zipboard"
KB-024,https://help.zipboard.co/article/134-how-to-use-zipboard-for-beta-testing,zipBoard for Beta testing - zipBoard Help,Article,1,8.447494,11.874223,3.7604942,"beta, testing, project, file, link, select, click, add"
KB-025,https://help.zipboard.co/article/135-how-do-i-work-with-clients-in-zipboard,How do I Work with Clients in zipBoard? - zipBoard Help,Article,9,10.231505,12.371407,2.267103,"clients, comments, share, zipboard, internal, access, reviews, client"
KB-026,https://help.zipboard.co/article/136-how-to-share-a-file-in-zipboard,How to Get Feedback from Guests in zipBoard? - zipBoard Help,Article,9,10.01888,12.618794,2.7513041,"guests, file, share, guest, permissions, feedback, access, zipboard"
KB-027,https://help.zipboard.co/article/137-how-to-track-and-prioritise-the-feddback-from-guest-in-zipboard,How to Track and Prioritise the Feedback from Guest in zipBoard? - zipBoard Help,Article,1,8.149867,11.605575,3.9139612,"reply, feedback, prioritise, select, track, comments, project, task"
KB-028,https://help.zipboard.co/article/138-how-are-guest-collaborators-different-from-guest-reviewers,How are Guest Collaborators different from Guest Reviewers? - zipBoard Help,Article,4,9.706442,12.468393,1.8983135,"guest, reviewers, shared, link, review, invited, sign, project"
KB-029,https://help.zipboard.co/article/139-who-are-referred-to-as-guests-in-my-zipboard-project,Who are referred to as Guests in my zipBoard Project? - zipBoard Help,Article,4,9.737007,12.469276,1.8262695,"referred, guests, admins, addressed, guest, anytime, link, july"
KB-030,https://help.zipboard.co/article/140-do-i-have-a-keyboard-shortcut-to-click-screens-in-zipboard,Do I have a  keyboard shortcut to click screens in zipBoard? - zipBoard Help,Article,7,8.487831,11.129171,5.6539383,"screenshot, shortcut, keyboard, page, screens, visible, integration, ctrl"
KB-031,https://help.zipboard.co/article/142-i-dont-see-a-camera-icon-for-my-video-files-how-to-add-annotations-to-it-while-reviewing,I don't see a camera icon for my video files. How to add annotations to it while reviewing? - zipBoard Help,Article,7,8.148709,10.977067,5.9878106,"review, reviewing, board, camera, annotations, add, video, integration"
KB-032,https://help.zipboard.co/article/143-can-i-delete-my-account,Can I Delete my Account? - zipBoard Help,Article,7,9.008186,9.952805,5.578442,"profile, zipboard, delete, wish, upload, integration, review, oh"
KB-033,https://help.zipboard.co/article/144-can-i-access-all-my-tasks-across-all-projects-at-one-place,Can I access all my tasks across all projects at one place ? - zipBoard Help,Article,5,7.320355,10.776129,3.4180694,"tasks, access, integration, place, comment, 2020, april, task"
KB-034,https://help.zipboard.co/article/145-email-alerts-zipboard,Email Alerts for Tasks in zipBoard - zipBoard Help,Article,4,8.608154,11.70851,1.6459477,"email, notification, alerts, notified, integration, assigned, daily, task"
KB-035,https://help.zipboard.co/article/148-why-should-i-go-for-an-enterprise-plan,Why Should I go for an Enterprise Plan? - zipBoard Help,Article,0,1.8808771,5.1381264,6.0601983,"plan, enterprise, custom, space, branding, storage, integration, roles"
KB-036,https://help.zipboard.co/article/149-what-custom-branding-options-are-available-with-zipboard-enterprise-plan,What Custom Branding Options are Available with zipBoard Enterprise Plan? - zipBoard Help,Article,0,1.9135194,5.1712923,6.134074,"plan, enterprise, custom, logo, branding, options, integration, zipboard"
KB-037,https://help.zipboard.co/article/150-how-can-i-manage-user-roles-better-with-enterprise-accounts,How can I manage user roles better with enterprise accounts? - zipBoard Help,Article,4,10.077266,12.19029,1.0821003,"admin, org, enterprise, guest, roles, managers, reviewers, accounts"
KB-038,https://help.zipboard.co/article/151-how-can-i-know-how-much-storage-space-i-have-utilized-for-my-current-plan,How can I know how much storage space I have utilized for my current plan? - zipBoard Help,Article,0,1.8016663,5.058605,6.1279655,"plan, space, storage, enterprise, utilized, org, integration, current"
KB-039,https://help.zipboard.co/article/152-how-can-tags-be-managed-better-with-enterprise-account,How Can Tags be Managed Better with Enterprise Account? - zipBoard Help,Article,0,1.833671,5.0902953,6.1362143,"enterprise, plan, org, managed, better, tags, integration, manage"
KB-040,https://help.zipboard.co/article/153-what-options-does-the-custom-pricing-plan-offers,What Options Does the Custom Pricing Plan Offers? - zipBoard Help,Article,0,1.8313429,5.089171,6.1707454,"plan, enterprise, private, cloud, custom, instance, pricing, zipboard"
KB-041,https://help.zipboard.co/article/154-can-i-host-my-zipboard-account-on-a-private-cloud,Can I Host my zipBoard Account on a Private Cloud? - zipBoard Help,Article,0,1.7979228,5.055378,6.150824,"private, plan, host, cloud, enterprise, integration, custom, zipboard"
KB-042,https://help.zipboard.co/article/155-if-i-need-a-plan-for-30-projects-would-that-be-possible,If i need a plan for 30 projects. Would that be possible? - zipBoard Help,Article,0,1.9614263,5.219951,6.163173,"plan, enterprise, possible, requirements, 30, integration, know, custom"
KB-043,https://help.zipboard.co/article/156-im-unable-to-delete-the-annotations-how-can-i-do-that,I'm unable to delete the annotations. How can I do that? - zipBoard Help,Article,7,7.9353094,10.869168,6.155926,"delete, annotation, board, annotations, unable, integration, screens, review"
KB-044,https://help.zipboard.co/article/157-how-can-i-get-my-web-hosted-content-reviewed-with-zipboard,How can I get my web hosted content reviewed with zipBoard? - zipBoard Help,Article,7,9.163198,11.166959,5.4625726,"content, review, web, hosted, reviewed, share, link, browse"
KB-045,https://help.zipboard.co/article/158-how-to-upload-and-review-scorm-valid-html-content-with-zipboard,How to Upload and Review SCORM or Valid HTML Content with zipBoard? - zipBoard Help,Article,7,9.4929085,11.0045,5.4098654,"file, start, root, review, content, html, upload, share"
KB-046,https://help.zipboard.co/article/159-how-can-i-get-feedback-on-pdf-content,How to Review and Get Feedback on PDF Content? - zipBoard Help,Article,7,9.145991,11.164388,5.486693,"content, review, upload, share, link, pdf, browse, september"
KB-047,https://help.zipboard.co/article/160-how-to-upload-and-review-image-files-with-zipboard,How to Upload and Review Image Files with zipBoard? - zipBoard Help,Article,7,9.272967,11.196708,5.4029117,"images, review, upload, share, zipboard, uploaded, link, uploading"
KB-048,https://help.zipboard.co/article/161-how-to-upload-and-review-video-files-with-zipboard,How to Upload and Review Videos - zipBoard Help,Article,7,9.112915,11.273749,5.4328127,"videos, upload, review, uploads, mp4, share, link, file"
KB-049,https://help.zipboard.co/article/161-video-timestamp-comment,How to Upload and Review Videos - zipBoard Help,Article,7,9.137112,11.32489,5.4600205,"videos, upload, review, uploads, mp4, share, link, file"
KB-050,https://help.zipboard.co/article/163-how-can-i-work-on-diffrent-versions-of-my-files-with-zipboard,How can I Work on Different Versions of my files with zipBoard? - zipBoard Help,Article,1,8.613292,11.766431,3.995146,"versions, version, file, add, zipboard, work, different, testing"
KB-051,https://help.zipboard.co/article/164-what-is-the-add-client-button-for,"What is the ""Add Client"" button for? - zipBoard Help",Article,9,10.213237,12.2912,2.075407,"clients, internal, zipboard, invitation, simplify, project, feedback, activities"
KB-052,https://help.zipboard.co/article/165-how-to-switch-to-kanban-view-for-tasks,How to Switch to Kanban View for Tasks? - zipBoard Help,Article,5,7.314806,10.872388,3.3254046,"switch, kanban, view, tasks, table, integration, anytime, ease"
KB-053,https://help.zipboard.co/article/166-how-can-i-record-a-screen-for-review-using-zipboard,How can I record a screen for review using ZipBoard? - zipBoard Help,Article,7,7.9912724,11.50053,5.333938,"screen, record, recording, select, review, like, stop, want"
KB-054,https://help.zipboard.co/article/167-how-to-annotate-a-recorded-video-using-zipboard,How to Annotate a Recorded Video Using zipBoard? - zipBoard Help,Article,7,8.509496,10.955082,5.6083508,"recorded, annotate, video, integration, article, frame, playing, demonstrating"
KB-055,https://help.zipboard.co/article/168-how-to-upload-images-mocks-to-zipboard-and-get-live-feedback-from-people,How to upload images/mocks to zipBoard and get live feedback from people? - zipBoard Help,Article,9,10.446378,13.117006,3.0652745,"user, people, tutorial, mocks, boards, website, feedback, share"
KB-056,https://help.zipboard.co/article/171-api-authentication-and-uri-structure,API Authentication and URI Structure - zipBoard Help,Article,3,7.4955964,4.2670135,5.1042194,"api, rest, http, structure, authentication, zipboard, uri, token"
KB-057,https://help.zipboard.co/article/171-zipboard-api-key-generation-and-uri-structure,API Authentication and URI Structure - zipBoard Help,Article,3,7.4481807,4.226944,5.072911,"api, rest, http, structure, authentication, zipboard, uri, token"
KB-058,https://help.zipboard.co/article/178-api-for-project,API for Project - zipBoard Help,Article,3,7.152638,3.5730405,5.1778727,"id, project, string, http, n6drgcj2rkawbu948, api, title, 01"
KB-059,https://help.zipboard.co/article/179-api-for-files-url,API for Files (URL) - zipBoard Help,Article,3,7.2721086,3.5632257,5.058755,"http, string, file, api, true, bing, id, 01"
KB-060,https://help.zipboard.co/article/18-what-makes-zipboard-different,What makes zipBoard different? - zipBoard Help,Article,7,9.054933,10.289883,4.64883,"watch, zipboard, learn, apart, keeping, better, review, makes"
KB-061,https://help.zipboard.co/article/180-api-for-review-links,API for Review Links - zipBoard Help,Article,3,7.2373996,3.5657854,5.106994,"http, shareurl, api, sharelink, fileid, string, projectid, authorization"
KB-062,https://help.zipboard.co/article/181-api-for-issues-task,API for Issues (Task) - zipBoard Help,Article,3,7.0151525,3.6864626,5.30238,"string, http, task, 02, 2020, api, 18t09, id"
KB-063,https://help.zipboard.co/article/182-api-for-issues-feedback,API for Issues (Feedback) - zipBoard Help,Article,3,7.1027417,3.5852957,5.2245975,"string, http, api, id, 2019, 01, params, authorization"
KB-064,https://help.zipboard.co/article/183-http-status-codes,HTTP Status Codes - zipBoard Help,Article,3,7.341433,4.017975,5.140108,"http, resource, codes, bad, method, token, api, parameter"
KB-065,https://help.zipboard.co/article/19-how-does-zipboard-help-me-build-better-products,How Does zipBoard Help me Build Better Products? - zipBoard Help,Article,7,8.743381,10.052308,4.948423,"products, build, integration, zipboard, changed, actual, manner, does"
KB-066,https://help.zipboard.co/article/190-what-is-a-kanban-board-and-how-can-i-use-it,What is a Kanban Board  and How to Use it? - zipBoard Help,Article,1,8.652094,10.9342985,3.7202122,"kanban, board, work, tasks, upload, integration, details, review"
KB-067,https://help.zipboard.co/article/192-what-can-i-do-with-slack-integration,What Can I do with Slack Integration? - zipBoard Help,Article,2,8.415477,8.684159,4.5098195,"slack, integrate, channel, message, zipboard, integration, convert, directly"
KB-068,https://help.zipboard.co/article/193-can-i-add-multiple-files-or-urls-within-1-project,Can I add multiple files or URLs within 1 project? - zipBoard Help,Article,7,9.183805,10.709795,5.0677643,"upload, urls, plan, pricing, multiple, zipped, files, mp4"
KB-069,https://help.zipboard.co/article/194-what-payment-methods-do-you-support,What Payment Methods Do You Support? - zipBoard Help,Article,0,2.4253142,5.664371,6.1079664,"credit, payment, methods, card, integration, annual, transfer, monthly"
KB-070,https://help.zipboard.co/article/195-how-is-zipboard-different-from-other-solutions,How is zipBoard Different from Other Bug Tracking Solutions? - zipBoard Help,Article,7,9.00239,10.259355,4.631541,"vs, zipboard, visual, solutions, bug, unlimited, tracking, online"
KB-071,https://help.zipboard.co/article/196-how-to-review-webpages-using-zipboard,How to Add and Review Webpages/Websites Using zipBoard - zipBoard Help,Article,7,8.897195,10.789952,5.5606775,"review, url, add, following, zipboard, webpages, follow, watch"
KB-072,https://help.zipboard.co/article/197-how-to-install-the-zbreviewboard-extension-on-chrome,How to install the zBreviewboard extension on Chrome - zipBoard Help,Article,7,7.7384605,9.875694,6.164837,"chrome, installed, install, extension, following, integration, downloaded, wait"
KB-073,https://help.zipboard.co/article/198-how-to-install-the-zbreviewboard-extension-on-firefox,How to install the zBreviewboard extension on Firefox - zipBoard Help,Article,7,7.6805916,9.883675,6.1500955,"firefox, installed, install, following, extension, integration, mozilla, wait"
KB-074,https://help.zipboard.co/article/199-how-to-install-the-zbreviewboard-extension-on-internet-explorer-or-safari,How to install the zBreviewboard extension on Internet Explorer/Safari - zipBoard Help,Article,7,7.828047,9.881595,6.0757155,"internet, explorer, safari, following, install, run, click, plugin"
KB-075,https://help.zipboard.co/article/20-how-can-i-use-zipboard-for-elearning-projects,How can I use zipBoard for eLearning projects? - zipBoard Help,Article,7,9.231668,10.12918,5.138056,"elearning, course, courses, integration, zipboard, extremely, storyline, articulate"
KB-076,https://help.zipboard.co/article/200-how-to-install-the-zbreviewboard-extension,How to install the zBreviewboard extension - zipBoard Help,Article,7,7.802543,9.84243,6.106086,"install, https, article, safari, zbreviewboard, extension, edge, internet"
KB-077,https://help.zipboard.co/article/201-managing-the-message-board-of-zipboard,Managing the Message Board of zipBoard - zipBoard Help,Article,4,8.902713,11.793011,2.0931916,"message, board, attach, messages, clicking, add, clients, button"
KB-078,https://help.zipboard.co/article/202-how-to-use-the-task-manager-in-zipboard,How to Use the Task Manager in zipBoard - zipBoard Help,Article,5,7.0709352,11.227898,3.620395,"task, manager, kanban, hide, person, use, zipboard, switch"
KB-079,https://help.zipboard.co/article/203-get-the-most-out-of-our-guides-in-zipboard,A Guide to zipBoard - zipBoard Help,Article,7,8.176887,10.2540655,5.832873,"reviewing, plugin, guide, installing, zipboard, urls, videos, content"
KB-080,https://help.zipboard.co/article/205-does-zipboard-integrate-with-wrike,Integrate zipBoard with Wrike & Manage Your Project Better - zipBoard Help,Article,2,8.426634,7.8257446,4.784742,"wrike, integrate, zipboard, integration, issues, project, authentication, mapped"
KB-081,https://help.zipboard.co/article/206-how-do-i-integrate-zipboard-with-wrike,How do I Integrate zipBoard with WRIKE - zipBoard Help,Article,2,8.378225,7.8805656,4.6932487,"wrike, integrate, zipboard, integration, issues, authentication, mapped, created"
KB-082,https://help.zipboard.co/article/207-how-are-statuses-mapped-between-zipboard-and-wrike,How Are Statuses Mapped Between zipBoard and Wrike? - zipBoard Help,Article,2,8.427356,7.7450953,4.605398,"mapped, wrike, statuses, zipboard, integration, integrate, default, mapping"
KB-083,https://help.zipboard.co/article/208-how-do-i-remove-zipboards-integration-with-wrike,How do I Remove zipBoard's Integration with WRIKE? - zipBoard Help,Article,2,8.415429,7.9106927,4.6195045,"unlink, wrike, integration, zipboard, clicking, icon, mapped, delete"
KB-084,https://help.zipboard.co/article/209-how-do-i-view-the-associated-wrike-issues-directly,How do I View the Associated WRIKE issues directly? - zipBoard Help,Article,2,8.316628,7.797399,4.6603794,"wrike, zipboard, integration, linked, issues, mapped, working, associated"
KB-085,https://help.zipboard.co/article/21-how-do-i-start-with-zipboard,How do I start with zipBoard? - zipBoard Help,Article,7,8.055786,10.366987,5.9236016,"start, reviewing, zipboard, profile, integration, screens, file, clicking"
KB-086,https://help.zipboard.co/article/210-how-do-i-edit-wrikes-integration-settings,How do I Edit WRIKE's Integration Settings? - zipBoard Help,Article,2,8.3786745,7.8215246,4.600495,"wrike, edit, integration, mapped, settings, zipboard, integrate, incorporated"
KB-087,https://help.zipboard.co/article/211-how-are-priorities-mapped-between-zipboard-and-wrike,How are Priorities Mapped Between zipBoard and Wrike? - zipBoard Help,Article,2,8.35125,7.821445,4.7409244,"priorities, mapped, wrike, zipboard, integration, integrate, default, mapping"
KB-088,https://help.zipboard.co/article/212-signing-up-with-google,Signing up with Google Account in ZipBoard - zipBoard Help,Article,2,8.208701,9.338369,5.3573804,"google, signing, click, zipboard, integration, enter, sign, started"
KB-089,https://help.zipboard.co/article/214-how-to-download-a-project-status-report,How to Download a Project Status Report - zipBoard Help,Article,5,7.906449,9.908945,3.855992,"reports, download, report, integration, cumulative, page, summary, format"
KB-090,https://help.zipboard.co/article/215-what-happens-to-tasks-if-i-delete-my-project,"What happens to tasks, if I delete my project? - zipBoard Help",Article,5,7.666009,10.519134,3.6355796,"deleted, happens, integration, project, tasks, delete, 27, tools"
KB-091,https://help.zipboard.co/article/216-how-to-edit-tags,How to Edit tags? - zipBoard Help,Article,5,6.767802,10.946763,3.5675542,"cards, tags, uploads, edit, tagging, kanban, menu, org"
KB-092,https://help.zipboard.co/article/218-email-notification,How to Send Emails from zipBoard to Collaborators? - zipBoard Help,Article,4,9.190588,12.105112,1.2714489,"send, emails, tab, email, collaborators, zipboard, admins, sent"
KB-093,https://help.zipboard.co/article/22-can-i-use-zipboard-with-any-browser,Can I use zipBoard with Any Browser? - zipBoard Help,Article,7,7.922581,10.038077,5.9682145,"browser, browsers, chrome, integration, use, existing, moment, major"
KB-094,https://help.zipboard.co/article/220-will-collaborators-get-notified-by-email-when-they-assigned-to-task-project,Will collaborators get notified by email when they assigned to task/project? - zipBoard Help,Article,4,9.031561,11.976082,1.154886,"assigned, notified, emails, admins, email, task, watcher, collaborators"
KB-095,https://help.zipboard.co/article/221-will-the-users-get-notification-in-zipboard,Will the Users Get Notification in zipBoard? - zipBoard Help,Article,4,8.749078,11.797961,1.4250633,"notification, notifications, zipboard, admins, watcher, 21, november, account"
KB-096,https://help.zipboard.co/article/222-will-my-client-get-messages-from-project-team-in-enterprise-edition,Can my client get messages from project team in enterprise edition? - zipBoard Help,Article,4,9.9596815,12.358371,1.4411243,"messages, edition, enterprise, clients, team, admins, project, september"
KB-097,https://help.zipboard.co/article/223-can-client-convert-feedback-from-other-stackholders,Reviewing Client Feedback and Adding It to the Development Workflow - zipBoard Help,Article,9,10.170891,12.306265,2.210185,"feedback, internal, clients, flexibility, guest, development, ensures, convert"
KB-098,https://help.zipboard.co/article/225-how-to-file-a-bug,How to File a Bug? - zipBoard Help,Article,5,7.487376,11.298955,3.8182478,"bug, task, project, file, add, added, options, tasks"
KB-099,https://help.zipboard.co/article/226-how-do-i-share-my-website-pdf-file-html-scorm-file-images-or-video,"How do I share my website, PDF file, HTML / SCORM file, images or video for commenting? - zipBoard Help",Article,1,9.578635,11.308856,5.0133414,"share, file, content, html, scorm, review, website, upload"
KB-100,https://help.zipboard.co/article/227-share-link-settings,Different Share Link Options - zipBoard Help,Article,9,10.338811,13.009606,2.9506156,"share, comments, link, boards, guests, links, screens, access"
KB-101,https://help.zipboard.co/article/228-if-i-remove-a-user-from-my-organization-or-project-what-happens-to-there-tasks-and-comments,"If I remove a collaborator from my organization or project, what happens to thier tasks and comments? - zipBoard Help",Article,4,9.443279,12.24461,0.7908122,"thier, remove, organization, happens, assigned, comments, admins, collaborator"
KB-102,https://help.zipboard.co/article/229-how-do-i-remove-members-from-an-organization,How to Remove Members from an Organization or Project? - zipBoard Help,Article,4,9.424648,12.357905,0.8094736,"removed, organization, members, remove, org, enterprise, tab, admin"
KB-103,https://help.zipboard.co/article/23-how-to-add-and-review-different-types-of-content-with-zipboard,How to Add and Review Different Types of Content with zipBoard? - zipBoard Help,Article,7,9.4761915,11.277754,5.185576,"review, upload, content, hosted, file, uploading, web, mp3"
KB-104,https://help.zipboard.co/article/23-what-kind-of-projects-files-can-i-upload-to-zipboard,How to Add and Review Different Types of Content with zipBoard? - zipBoard Help,Article,7,9.388004,11.243177,5.15228,"review, upload, content, hosted, file, uploading, web, mp3"
KB-105,https://help.zipboard.co/article/231-getting-feedback,Getting Feedback - zipBoard Help,Article,4,9.3581295,12.333525,1.7450589,"feedback, collaborator, tab, add, link, inviting, share, account"
KB-106,https://help.zipboard.co/article/232-how-to-add-members-from-an-organization-or-project,How to Add Members from an Organization or Project? - zipBoard Help,Article,4,9.431549,12.400596,1.0073305,"add, collaborator, organization, managers, clients, typing, members, adding"
KB-107,https://help.zipboard.co/article/232-managing-stakeholders,How to Add Members from an Organization or Project? - zipBoard Help,Article,4,9.399713,12.450036,1.0791178,"add, collaborator, organization, managers, clients, typing, members, adding"
KB-108,https://help.zipboard.co/article/233-will-a-collaborator-get-email-notification-when-a-reply-is-added-to-his-feedback,Will a collaborator get email notification when a reply is added to their feedback? - zipBoard Help,Article,4,8.922632,11.910372,1.2747544,"email, notification, added, reply, admins, collaborator, entered, watchers"
KB-109,https://help.zipboard.co/article/234-what-happens-if-we-delete-shared-link-for-review-to-users,What happens if we delete shared link for review to users? - zipBoard Help,Article,9,10.506397,13.22433,3.223128,"link, share, user, happens, integration, file, shared, redirect"
KB-110,https://help.zipboard.co/article/235-what-is-manager-role,"What is the role of a ""Manager""? - zipBoard Help",Article,4,9.382301,12.451576,0.88045335,"add, organization, review, messages, clients, assign, project, remove"
KB-111,https://help.zipboard.co/article/237-api-for-organization,API for Organization - zipBoard Help,Article,3,7.3818555,4.0651555,5.116073,"api, organization, http, zipboard, authorization, response, rest, v1"
KB-112,https://help.zipboard.co/article/24-can-i-upload-multiple-images,Can I upload Multiple Images? - zipBoard Help,Article,7,8.754892,10.227202,5.103293,"images, multiple, upload, integration, zipped, currently, file, selecting"
KB-113,https://help.zipboard.co/article/240-responses,Responses - zipBoard Help,Article,3,7.144867,3.7268875,5.211112,"response, responses, api, http, 9qpkeqjacxbcqhql3, reply, 2020, authorization"
KB-114,https://help.zipboard.co/article/241-how-to-install-widget-and-use-it,How to install Widget and use it ? - zipBoard Help,Article,7,8.793167,11.341512,5.746217,"widget, plugin, screenshot, page, web, code, sign, guest"
KB-115,https://help.zipboard.co/article/242-is-make-an-announcement-in-zipboard-for-all-projects-in-the-organization,Make an Announcement in zipboard for All Projects in the Organization - zipBoard Help,Article,2,8.18203,9.758722,4.4814367,"announcement, add, integration, replaced, make, added, old, shown"
KB-116,https://help.zipboard.co/article/243-how-to-disable-added-announcement,How to Disable Added Announcement? - zipBoard Help,Article,2,8.110485,9.669022,4.417982,"announcement, disable, actions, added, integration, enable, enterprise, org"
KB-117,https://help.zipboard.co/article/244-how-to-delete-announcement,How to Delete Announcement - zipBoard Help,Article,2,8.086572,9.733163,4.363094,"announcement, delete, integration, disable, actions, org, tools, resources"
KB-118,https://help.zipboard.co/article/245-is-full-page-screenshot-option-availble-in-zipboard,Is Full Page Screenshot Option Available in zipBoard? - zipBoard Help,Article,7,8.744788,11.150349,5.782581,"web, board, review, pages, step, screenshot, camera, page"
KB-119,https://help.zipboard.co/article/246-can-screens-can-be-added-to-task-in-the-project,Can Screens be Added to Task in the Project? - zipBoard Help,Article,7,7.774289,11.351272,4.8935256,"screen, select, added, task, add, integration, screens, symbol"
KB-120,https://help.zipboard.co/article/247-can-i-sign-in-using-a-microsoft-account-with-zipboard,Can I Sign in Using a  Microsoft Account  to  zipBoard? - zipBoard Help,Article,2,8.28819,9.31357,5.295707,"sign, zipboard, click, microsoft, started, integration, app, enter"
KB-121,https://help.zipboard.co/article/248-what-is-the-message-feature-in-zipboard,What is the Message Feature in zipBoard? - zipBoard Help,Article,4,8.9624815,11.883652,1.909131,"message, clients, messages, attach, add, collaborators, font, cancel"
KB-122,https://help.zipboard.co/article/25-i-upload-a-file-but-its-stuck-what-should-i-do,"I uploaded a zip  file, but it's stuck. What should I do? - zipBoard Help",Article,7,9.466938,10.384935,5.7121105,"stuck, file, zipboard, zip, integration, uploaded, happened, machine"
KB-123,https://help.zipboard.co/article/251-can-we-import-tasks-to-zipboard-from-csv-excel,Can we Import Tasks to zipBoard from CSV/Excel? - zipBoard Help,Article,5,7.26324,10.554405,3.5808408,"csv, import, excel, tasks, zipboard, integration, importing, map"
KB-124,https://help.zipboard.co/article/252-getting-started-with-zipboard,Getting Started with zipBoard: A Workflow for Everyone - zipBoard Help,Article,1,9.6414795,11.792305,2.868734,"step, tasks, content, main, zipboard, create, time, priorities"
KB-125,https://help.zipboard.co/article/253-do-we-have-reports-on-project-based-in-zipboard,Do we have reports on project based in zipboard? - zipBoard Help,Article,2,8.003903,9.791714,3.9099832,"reports, seen, based, integration, cumulative, project, individually, maintain"
KB-126,https://help.zipboard.co/article/254-do-slack-channel-get-notified-if-task-is-created-or-updated-in-zipboard,Do slack channel get notified if task is created or updated in zipBoard? - zipBoard Help,Article,2,8.5413,8.795881,4.488158,"channel, slack, notified, created, integration, integrate, zipboard, task"
KB-127,https://help.zipboard.co/article/255-how-to-work-with-microsoft-teams-app-with-zipboard-integrated-in-it,How to Work with Microsoft Teams App with zipBoard Integrated in it? - zipBoard Help,Article,2,8.402399,9.1309185,4.946904,"teams, app, channel, zipboard, csv, work, integrated, microsoft"
KB-128,https://help.zipboard.co/article/256-does-zipboard-support-two-way-communication-with-jira,Does zipboard Support Two Way Communication with JIRA - zipBoard Help,Article,2,7.9286737,7.8114176,4.6123743,"jira, integrate, mapped, zipboard, integration, does, way, communication"
KB-129,https://help.zipboard.co/article/257-whats-next-after-zipboard-account-integrated-at-organization-level-with-jira,What's next after zipBoard account integrated at organization level with JIRA? - zipBoard Help,Article,2,7.8780246,7.7055545,4.7214723,"jira, zipboard, integration, integrated, associated, integrate, issues, level"
KB-130,https://help.zipboard.co/article/258-can-we-capture-screenshotrecord-video-without-going-to-zipboard,How to Record a Video to Capture Feedback using zipBoard extension? - zipBoard Help,Article,7,7.955694,11.5062475,5.4516172,"recording, self, record, microphone, save, screen, camera, voice"
KB-131,https://help.zipboard.co/article/259-how-to-invite-collaborator-to-project,How to Invite Collaborators to a Project? - zipBoard Help,Article,4,9.494874,12.371303,1.5007684,"invite, link, collaborators, invited, email, project, zipboard, admins"
KB-132,https://help.zipboard.co/article/26-what-authoring-tools-does-zipboard-support,What authoring tools does zipBoard support? - zipBoard Help,Article,7,9.73714,10.471875,5.5947576,"articulate, authoring, scorm, zipboard, adobe, upload, captivate, valid"
KB-133,https://help.zipboard.co/article/260-how-to-install-the-zbreviewboard-extension-on-edge,How to install the zBreviewboard extension on Edge - zipBoard Help,Article,7,7.6916523,9.77754,6.1985474,"edge, installed, install, extension, following, integration, downloaded, wait"
KB-134,https://help.zipboard.co/article/261-getting-started-as-a-collaborator,Getting Started as a Collaborator - zipBoard Help,Article,4,9.77343,12.063571,1.4602735,"collaborator, started, reports, project, watch, content, getting, feedback"
KB-135,https://help.zipboard.co/article/262-how-secure-is-zipboard,How Secure is zipBoard? - zipBoard Help,Article,2,9.036443,9.340644,5.42951,"secure, customers, data, service, security, centre, practices, uses"
KB-136,https://help.zipboard.co/article/264-what-is-client-role-in-enterprise-edition,What is the Client role in Enterprise Plan? - zipBoard Help,Article,9,10.216487,12.3257,2.205128,"clients, internal, client, workflows, provide, collaboration, role, details"
KB-137,https://help.zipboard.co/article/265-how-to-review-and-collaborate-on-video-projects,How to Review and Collaborate on Video Projects - zipBoard Help,Article,7,8.939445,11.395044,5.573449,"review, video, board, widget, reviewing, share, details, file"
KB-138,https://help.zipboard.co/article/266-comprehensive-guides-for-zipboard,Guides for zipBoard Users - zipBoard Help,Article,4,10.168868,12.237431,1.1523952,"comprehensive, guide, owners, admins, complete, feel, zipboard, invited"
KB-139,https://help.zipboard.co/article/267-can-we-add-live-annotations-with-zipboard-extension,Can We Add Live Annotations without zipBoard Extension? - zipBoard Help,Article,7,8.268849,11.280189,5.201269,"annotations, review, live, add, browse, screenshot, helps, allows"
KB-140,https://help.zipboard.co/article/27-what-are-the-upload-limits,What are the Upload Limits? - zipBoard Help,Article,7,9.556077,10.341297,5.743404,"space, upload, limits, stuck, zipboard, integration, uploaded, scorm"
KB-141,https://help.zipboard.co/article/271-visual-reviews-and-feedback-with-zipboard,Visual Reviews and Feedback with zipBoard - zipBoard Help,Article,7,8.976589,10.423163,4.468456,"visual, comments, feedback, points, cycles, visually, zipboard, reviews"
KB-142,https://help.zipboard.co/article/272-manage-tasks-better-with-zipboard,Manage Tasks Better with zipBoard - zipBoard Help,Article,5,7.3428535,10.786109,3.2070477,"tasks, kanban, visually, task, integration, manage, clear, members"
KB-143,https://help.zipboard.co/article/273-collaborate-better-with-zipboard,Collaborate Better with zipBoard - zipBoard Help,Article,7,9.0915165,10.550422,4.8841887,"better, zipboard, collaborators, makes, integration, collaborate, add, reviewers"
KB-144,https://help.zipboard.co/article/274-generate-consolidated-reports-with-zipboard,Generate Consolidated Reports with zipBoard - zipBoard Help,Article,2,8.060625,9.7353945,3.9430137,"reports, consolidated, zipboard, number, integration, generate, level, organizational"
KB-145,https://help.zipboard.co/article/278-auto-generated-reports,Help Scout - Log In,Article,6,-0.5044812,3.4778996,-0.77770996,"javascript, browser, option, google, click, restart, effect, mac"
KB-146,https://help.zipboard.co/article/28-accessing-private-windows,How to Access Reviewboard in Private Windows? - zipBoard Help,Article,7,9.041689,9.862241,5.6839657,"incognito, reviewboard, private, zipboard, windows, upload, integration, review"
KB-147,https://help.zipboard.co/article/28-accessing-reviewboard-private-windows,How to Access Reviewboard in Private Windows? - zipBoard Help,Article,7,8.996804,9.876588,5.6394157,"incognito, reviewboard, private, zipboard, windows, upload, integration, review"
KB-148,https://help.zipboard.co/article/280-task-management-with-zipboard,Help Scout - Log In,Article,6,-0.53499615,3.447414,-0.8080516,"javascript, browser, option, google, click, restart, effect, mac"
KB-149,https://help.zipboard.co/article/281-review-all-types-of-content-in-one-place,Review All Types of Content in One Place - zipBoard Help,Article,7,9.309312,10.861566,5.1267867,"review, content, file, multiple, zipboard, place, upload, add"
KB-150,https://help.zipboard.co/article/282-can-we-see-error-logs-in-zipboard-related-to-jira-integration,Can We See Error Logs in zipBoard Related to JIRA Integration? - zipBoard Help,Article,2,7.9009833,7.7539434,4.749312,"logs, error, jira, integration, zipboard, integrated, integrate, doubt"
KB-151,https://help.zipboard.co/article/283-zipboard-pricing-update-march-2021,zipBoard pricing update: 12th March 2021 - zipBoard Help,Article,0,2.1481638,5.4097157,6.199407,"plan, free, pricing, plans, trial, 2021, 12th, march"
KB-152,https://help.zipboard.co/article/284-enterprise-plan-what-to-expect,Enterprise Plan : What to expect? - zipBoard Help,Article,0,2.0219672,5.279437,6.0911474,"plan, enterprise, custom, expect, integration, gladly, fence, customise"
KB-153,https://help.zipboard.co/article/285-how-do-i-enable-webhooks-to-receive-updates-from-jira,How Do I Enable Webhooks to Receive Updates from JIRA? - zipBoard Help,Article,2,8.028857,7.9604635,4.7123528,"webhook, enable, webhooks, receive, jira, integrate, authentication, token"
KB-154,https://help.zipboard.co/article/286-what-are-different-types-of-content-created-using-authoring-tools-does-zipboard-support-for-adding-live-annotations,What are different types of content created using authoring tools does zipboard support for adding live annotations? - zipBoard Help,Article,7,9.901505,10.312397,5.4154344,"courses, support, live, authoring, published, rise360, created, annotations"
KB-155,https://help.zipboard.co/article/287-i-have-uploaded-articulate-scorm-file-but-live-annotations-does-not-work-what-was-the-issue,"I have uploaded Articulate scorm file but live annotations does not work, what was the issue? - zipBoard Help",Article,7,9.865071,10.465039,5.5320497,"scorm, published, articulate, live, course, file, limitations, annotations"
KB-156,https://help.zipboard.co/article/288-using-zipboard-browser-extension-across-a-business-account,Using zipBoard browser extension across a business account - zipBoard Help,Article,7,7.7404656,9.813511,6.1578474,"policies, policy, edge, browser, com, https, installation, carefully"
KB-157,https://help.zipboard.co/article/29-how-secure-is-my-data-with-zipboard,How Secure is my Data with zipBoard? - zipBoard Help,Article,7,9.073924,9.605425,5.598145,"zipboard, data, information, services, retain, backup, secure, integration"
KB-158,https://help.zipboard.co/article/292-integrations,zipBoard Integrations - zipBoard Help,Article,2,8.059167,8.030371,4.866998,"integrate, zipboard, integration, mapped, jira, wrike, integrations, outlook"
KB-159,https://help.zipboard.co/article/294-why-integrate-zipboard-lambdatest,Why do I Need to Integrate zipBoard with LambdaTest? - zipBoard Help,Article,2,8.7403965,8.956044,4.7953978,"testing, cross, browser, cloud, zipboard, lambdatest, online, integrate"
KB-160,https://help.zipboard.co/article/295-how-integrate-zipboard-lambdatest,How do I Integrate zipBoard with LambdaTest? - zipBoard Help,Article,3,7.51054,4.32692,5.050267,"api, key, integrate, zipboard, lambdatest, block, party, applications"
KB-161,https://help.zipboard.co/article/296-how-log-bug-lambdatest-zipboard,How to Log Your First Bug from LambdaTest to zipBoard? - zipBoard Help,Article,5,7.7398047,10.86988,4.1945934,"bug, screenshot, marked, testing, seconds, log, zipboard, indicating"
KB-162,https://help.zipboard.co/article/297-how-remove-zipboard-lambdatest-integration,How to Remove LambdaTest Integration with zipBoard? - zipBoard Help,Article,2,8.545829,9.233302,4.6170025,"integration, remove, zipboard, lambdatest, queries, block, regarding, hit"
KB-163,https://help.zipboard.co/article/30-does-zipboard-backup-data-in-case-of-emergency,Does zipBoard Backup Data in Case of Emergency? - zipBoard Help,Article,2,9.114341,9.37598,5.431114,"backup, emergency, case, integration, automatic, data, does, regularly"
KB-164,https://help.zipboard.co/article/300-how-to-upload-a-pdf-file,How to Upload a PDF file - zipBoard Help,Article,7,8.539337,10.088542,5.0065737,"integration, pdf, upload, file, drop, tools, 11, resources"
KB-165,https://help.zipboard.co/article/302-stamp-feature,Adding & Using Stamps - zipBoard Help,Article,7,8.199833,10.535628,5.045356,"stamp, select, stamps, organization, adding, using, integration, corner"
KB-166,https://help.zipboard.co/article/304-adding-using-the-signatures-in-zipboard,Adding & Using the Signatures in zipBoard - zipBoard Help,Article,7,8.221871,10.519255,5.053544,"signature, select, signatures, toolbar, using, adding, integration, icon"
KB-167,https://help.zipboard.co/article/305-test,How can I set up Review Cycles in zipBoard - zipBoard Help,Article,8,6.1563864,12.918494,1.9654305,"phase, cycle, reflect, review, order, cycles, create, project"
KB-168,https://help.zipboard.co/article/306-all-annotation-tools-zipboard,What are the Annotation Tools in zipBoard? - zipBoard Help,Article,7,8.459429,11.534358,5.0200024,"tool, annotation, pencil, comment, content, mode, screen, device"
KB-169,https://help.zipboard.co/article/307-use-zipboard-review-tools-annotate-comment-digital-content,How to Use zipBoard’s Review Tools to Annotate and Comment on Digital Content? - zipBoard Help,Article,7,8.582166,11.478514,4.988556,"content, comment, counter, comments, hide, ll, annotations, add"
KB-170,https://help.zipboard.co/article/308-how-do-i-re-authenticate-my-jira-integration,How Do I Re-authenticate my JIRA Integration - zipBoard Help,Article,2,7.7034574,7.6730313,4.8988924,"authenticate, connection, atlassian, integration, jira, grant, click, accept"
KB-171,https://help.zipboard.co/article/309-how-update-task-statuses,Help Scout - Log In,Article,6,-0.54489684,3.437524,-0.8179219,"javascript, browser, option, google, click, restart, effect, mac"
KB-172,https://help.zipboard.co/article/31-how-do-i-add-a-new-feature-request,"How do I add a new feature request, that i wish to see in zipBoard in near future? - zipBoard Help",Article,7,8.922161,9.870783,5.263831,"near, suggestions, request, future, feature, wish, integration, twitter"
KB-173,https://help.zipboard.co/article/312-integrating-the-zipboard-api-into-user-application,Integrating the zipBoard API into User Application - zipBoard Help,Article,3,7.010759,3.7792723,5.3381295,"api, inputs, authorization, application, id, authentication, type, user"
KB-174,https://help.zipboard.co/article/313-kanban-view-for-content,Is there a Kanban View for My Content? - zipBoard Help,Article,1,8.936855,10.993122,3.6967592,"kanban, content, view, board, organize, columns, visualize, cards"
KB-175,https://help.zipboard.co/article/314-assign-phases-to-content,Help Scout - Log In,Article,6,-0.5186119,3.4645143,-0.78990567,"javascript, browser, option, google, click, restart, effect, mac"
KB-176,https://help.zipboard.co/article/315-assign-statuses-to-content,Can You Assign Statuses to Content? - zipBoard Help,Article,1,9.043037,11.026032,3.75866,"content, statuses, assign, assignee, date, kanban, integration, status"
KB-177,https://help.zipboard.co/article/317-assign-content-to-multiple-collaborators,Can You Assign One Content to Multiple Collaborators? - zipBoard Help,Article,1,9.069239,11.062813,3.7379975,"content, assign, multiple, collaborators, date, kanban, integration, assignees"
KB-178,https://help.zipboard.co/article/318-what-happens-to-content-if-delete-phase,What happens to the content if I delete a phase? - zipBoard Help,Article,1,8.994386,11.040834,3.6673996,"content, phase, kanban, phases, delete, assign, board, deleting"
KB-179,https://help.zipboard.co/article/319-what-are-content-uploads,What are Content Uploads? - zipBoard Help,Article,7,8.863759,10.546691,5.3548465,"content, uploads, integration, counts, types, mentioned, zipboard, tools"
KB-180,https://help.zipboard.co/article/32-i-cannot-play-my-scorm-file-with-zipboard-what-can-be-the-issue,I cannot play my SCORM file with zipBoard. What can be the issue? - zipBoard Help,Article,7,9.700814,10.47803,5.6657844,"scorm, play, file, zipboard, folder, issue, integration, able"
KB-181,https://help.zipboard.co/article/320-what-are-managers,What are Managers? - zipBoard Help,Article,4,9.528596,12.406533,0.6640972,"managers, admins, projects, organization, create, 22, organized, reports"
KB-182,https://help.zipboard.co/article/321-does-zipboard-have-sso,Does zipBoard have Single Sign-On (SSO)? - zipBoard Help,Article,2,8.431001,9.338972,5.005922,"sso, single, sign, integration, does, zipboard, supports, currently"
KB-183,https://help.zipboard.co/article/323-requirements-for-course-uploads-in-zipboard,Requirements for course uploads in zipBoard - zipBoard Help,Article,7,9.785103,10.41465,5.4666643,"authoring, course, courses, work, class, webpages, player, location"
KB-184,https://help.zipboard.co/article/327-so-ive-been-given-a-zipboard-share-link-now-what,"So I've been given a zipBoard share link, now what? - zipBoard Help",Article,9,10.640029,13.417079,3.1066434,"boards, share, accessibility, review, comments, signup, zipboard, view"
KB-185,https://help.zipboard.co/article/328-the-various-permissions-you-can-grant-when-using-share-links,The Various Permissions You Can Grant When Using Share Links in zipBoard - zipBoard Help,Article,9,10.387496,13.089654,3.0489647,"share, links, boards, permissions, link, view, reviews, new"
KB-186,https://help.zipboard.co/article/329-managing-share-links,Managing Share Links - zipBoard Help,Article,9,10.462317,13.208972,3.0927887,"share, links, link, access, given, boards, ve, reviews"
KB-187,https://help.zipboard.co/article/33-i-just-uploaded-a-captivate-scorm-file-but-could-not-access-it-using-zipboard-what-can-be-the-issue,"I just uploaded a captivate SCORM file, but could not access it using zipBoard. What can be the issue? - zipBoard Help",Article,7,9.681111,10.415375,5.697178,"scorm, captivate, zipboard, file, reporting, uploaded, issue, upload"
KB-188,https://help.zipboard.co/article/330-annotate-content-without-using-extension,Can I Annotate Content Without Using the Extension? - zipBoard Help,Article,7,8.608405,10.547271,5.4348445,"content, affect, annotate, embedded, extension, using, integration, change"
KB-189,https://help.zipboard.co/article/331-another-way-to-receive-client-feedback,"My clients aren’t comfortable downloading a browser extension, is there another way to receive feedback? - zipBoard Help",Article,7,8.584119,10.362219,5.3998094,"downloading, comfortable, aren, embedded, technical, feedback, receive, integration"
KB-190,https://help.zipboard.co/article/332-difference-between-embedded-annotations-and-browser-extension,Difference Between the Embedded Annotations and Browser Extension. - zipBoard Help,Article,7,8.386457,10.515025,5.531823,"embedded, annotations, difference, affect, extension, browser, integration, download"
KB-191,https://help.zipboard.co/article/334-ive-been-given-a-share-link-with-view-all-boards-comments-only-access,"I've been given a share link with View All Boards/Reviews Only access, now what? - zipBoard Help",Article,9,10.662228,13.486272,3.0398161,"boards, given, share, link, ve, access, view, reviews"
KB-192,https://help.zipboard.co/article/335-ive-been-given-a-share-link-with-add-new-boards-reviews-only-access,"I've been given a share link with Add New Boards/Reviews Only access, now what? - zipBoard Help",Article,9,10.678341,13.403525,3.138044,"given, boards, share, ve, link, reviews, access, new"
KB-193,https://help.zipboard.co/article/336-ive-been-given-a-share-link-with-view-all-and-add-new-boards-reviews-access,"I've been given a share link with View All + Add New Boards/Reviews access, now what? - zipBoard Help",Article,9,10.707289,13.489839,3.0983984,"given, boards, share, ve, link, access, reviews, view"
KB-194,https://help.zipboard.co/article/338-ive-been-given-a-share-link-with-required-signup-login-and-view-all-boards-comments-access-now-what,"I've been given a share link with Required Signup/Login + View All Boards/Comments access, now what? - zipBoard Help",Article,9,10.755638,13.433827,3.0483346,"given, boards, share, link, ve, access, view, comments"
KB-195,https://help.zipboard.co/article/339-ive-been-given-a-share-link-with-required-signup-login-and-add-new-boards-reviews-access-now-what,"I've been given a share link with Required Signup/Login + Add New Boards/Reviews access, now what? - zipBoard Help",Article,9,10.728185,13.414197,3.1822832,"given, boards, share, ve, link, access, signup, reviews"
KB-196,https://help.zipboard.co/article/340-ive-been-given-a-share-link-with-required-signup-login-view-all-and-add-new-boards-reviews-access-now-what,"I've been given a share link with Required Signup/Login, + View All + Add New Boards/Reviews access, now what? - zipBoard Help",Article,9,10.669976,13.493898,3.0732703,"given, boards, share, ve, link, access, signup, reviews"
KB-197,https://help.zipboard.co/article/341-how-to-create-and-annotate-quickly-on-screenshots,How to Create and  Annotate Quickly on Screenshots - zipBoard Help,Article,7,8.405968,10.984649,5.705165,"annotate, screenshot, feature, screenshots, toolbar, zipboard, quickly, integration"
KB-198,https://help.zipboard.co/article/342-the-different-ways-to-invite-reviewers-to-get-feedback-on-content-or-documents-in-zipboard,The Different Ways to Invite Reviewers to Get Feedback on Digital Assets - zipBoard Help,Article,4,9.519719,12.368962,1.6044862,"reviewers, invite, project, send, email, link, guest, collaborators"
KB-199,https://help.zipboard.co/article/343-annotation-tools-backup,Annotation Tools Backup - zipBoard Help,Article,7,8.442418,11.608553,5.064388,"tool, comment, annotation, pencil, screenshot, screen, click, content"
KB-200,https://help.zipboard.co/article/344-adding-managers-to-your-account,Adding Managers to your account - zipBoard Help,Article,4,9.402944,12.361364,0.6651316,"managers, adding, admins, choose, numbers, count, requirement, account"
KB-201,https://help.zipboard.co/article/349-how-to-use-the-share-link-security-features,How to Use the Share Link Security Features - zipBoard Help,Article,9,10.37409,13.067699,3.0555425,"share, link, recipients, protection, section, password, date, expiry"
KB-202,https://help.zipboard.co/article/35-what-is-review-board,What is Review Board? - zipBoard Help,Article,7,8.310451,11.441193,5.226737,"comment, review, icon, board, pencil, screen, certain, content"
KB-203,https://help.zipboard.co/article/351-apis-for-custom-integration,APIs for Custom Integration - zipBoard Help,Article,3,7.5648413,4.3319974,5.1252356,"api, file, review, docs, https, apis, custom, zipboard"
KB-204,https://help.zipboard.co/article/353-can-i-add-text-annotation-in-pdf-and-make-it-a-task-comment,Can I add a text annotation in a PDF and make it a task/comment? - zipBoard Help,Article,1,8.278361,11.407711,4.5638213,"text, comment, annotation, tasks, add, task, comments, convert"
KB-205,https://help.zipboard.co/article/354-how-do-i-share-files-with-a-client,How do I Share Files with a Client? - zipBoard Help,Article,9,10.158362,12.563762,2.713444,"share, client, file, access, clients, email, zipboard, clicks"
KB-206,https://help.zipboard.co/article/359-mp3-file-sharing-feature,How to Review or Get Feedback with MP3 or Audio Files? - zipBoard Help,Article,7,9.539346,11.359924,5.1872,"mp3, comments, audio, file, share, review, feedback, zipboard"
KB-207,https://help.zipboard.co/article/36-what-are-boards,What are Screens? - zipBoard Help,Article,7,7.956031,10.885247,6.1324825,"screens, screenshots, camera, integration, little, icon, reviewing, board"
KB-208,https://help.zipboard.co/article/360-enhanced-notifications,How do I Receive Combined Notifications for Multiple Task Updates? - zipBoard Help,Article,4,8.528098,11.705567,1.7054063,"notification, notifications, updates, single, feed, individual, task, changes"
KB-209,https://help.zipboard.co/article/361-can-we-tag-users-in-live-annotations-too,Can We Tag or Mention Users in Live Annotation Too? - zipBoard Help,Article,7,8.212566,11.109699,4.800802,"live, mentioning, tag, loop, annotations, tagging, right, mention"
KB-210,https://help.zipboard.co/article/362-how-to-enable-camera-and-video-access,How to Enable Camera and Microphone Access - zipBoard Help,Article,7,7.8546934,11.411587,5.640589,"camera, microphone, access, browser, chrome, settings, google, enable"
KB-211,https://help.zipboard.co/article/37-whats-the-whole-set-of-tools-available-on-review-board,What's the whole set of tools available on review board? - zipBoard Help,Article,7,8.006099,10.9523735,6.1274314,"zoom, board, screens, tools, include, integration, review, erase"
KB-212,https://help.zipboard.co/article/374-zipboard-users-workflow,Workflow for all zipBoard Users - zipBoard Help,Article,4,9.9758835,12.10824,0.8944298,"managers, admin, content, admins, super, workflows, workflow, enterprise"
KB-213,https://help.zipboard.co/article/375-roles-and-permissions,Roles and Permissions - zipBoard Help,Article,4,10.074999,12.129831,1.031527,"admin, organization, permissions, stakeholders, guide, understanding, super, complete"
KB-214,https://help.zipboard.co/article/376-introduction-to-super-admins,Understanding Super Admins & Admins - zipBoard Help,Article,4,9.92183,12.185049,0.74086165,"admins, admin, super, stamps, define, project, include, statuses"
KB-215,https://help.zipboard.co/article/377-introduction-to-managers,Getting Started as Project Managers - zipBoard Help,Article,4,9.844887,12.091207,1.1245427,"project, managers, reports, zipboard, triage, prioritize, stakeholders, start"
KB-216,https://help.zipboard.co/article/378-introduction-to-collaborators,Workflow of Collaborators - zipBoard Help,Article,4,9.923543,12.091256,1.0698324,"content, project, collaborators, contribution, collaborator, reviewers, meets, repeat"
KB-217,https://help.zipboard.co/article/38-how-can-i-access-my-content-back-once-i-have-started-a-review-session,"How can I access my content back, once I have started a review session? - zipBoard Help",Article,7,8.0950365,10.844034,6.0902224,"session, review, return, step, access, started, content, integration"
KB-218,https://help.zipboard.co/article/383-can-we-add-replies-for-live-annotations,Can We Add Replies for Live Annotations? - zipBoard Help,Article,7,8.231052,11.083791,4.842076,"replies, live, annotations, reply, add, integration, annotation, converting"
KB-219,https://help.zipboard.co/article/384-customizing-statuses-at-the-project-level,Customizing Statuses at the Project Level - zipBoard Help,Article,5,5.416853,11.134973,2.7077365,"statuses, level, insert, project, status, task, specific, save"
KB-220,https://help.zipboard.co/article/388-how-to-review-a-zip-file,How to Review a ZIP file - zipBoard Help,Article,7,8.976532,10.472009,5.4847193,"integration, file, review, zip, stuck, 16, zipboard, webpages"
KB-221,https://help.zipboard.co/article/389-zapier-x-zipboard-integration,Zapier x zipBoard Integration - zipBoard Help,Article,2,8.163424,8.202965,4.9076705,"zapier, trigger, zipboard, action, event, app, integrate, connect"
KB-222,https://help.zipboard.co/article/39-i-can-t-access-the-review-board-what-might-be-the-issue,I can’t access the review board. What might be the issue? - zipBoard Help,Article,7,7.9089766,10.462015,6.1976213,"board, annotations, install, google, chrome, integration, able, review"
KB-223,https://help.zipboard.co/article/390-getting-started-as-clients,Understanding Client Role in zipBoard - zipBoard Help,Article,4,10.155405,12.239018,1.300958,"understanding, role, client, clear, project, team, success, effectively"
KB-224,https://help.zipboard.co/article/391-how-to-create-transparent-text-boxes,How to Use Clear Text Boxes? - zipBoard Help,Article,1,8.662266,11.108257,4.57049,"text, boxes, clear, box, opacity, integration, use, step"
KB-225,https://help.zipboard.co/article/392-change-email-address-in-zipboard-account,Change Email Address in zipBoard Account - zipBoard Help,Article,4,8.506393,11.531274,1.8385646,"address, email, zipboard, integration, change, core, helpful, consider"
KB-226,https://help.zipboard.co/article/393-can-we-edit-org-statuses,How to Add Statuses from Organization Level? - zipBoard Help,Article,5,5.4257307,11.143473,2.725444,"statuses, organizational, level, status, organization, add, click, actions"
KB-227,https://help.zipboard.co/article/394-can-we-add-statuses-from-project-level,How to Add Statuses from Project Level? - zipBoard Help,Article,5,5.4419403,11.155308,2.7318265,"statuses, default, project, admin, set, status, add, level"
KB-228,https://help.zipboard.co/article/40-i-can-t-install-zipboard-s-google-chrome-mozilla-firefox-extensions-what-could-be-wrong,I can’t install zipBoard’s Google Chrome/Mozilla Firefox extensions. What could be wrong? - zipBoard Help,Article,7,7.9038086,10.282238,6.205387,"extensions, incognito, mozilla, firefox, install, google, chrome, wrong"
KB-229,https://help.zipboard.co/article/400-how-to-record-and-manage-videos-on-zipboard,How to use the Video Recording Tool in zipBoard? - zipBoard Help,Article,7,8.018067,11.551611,5.488627,"recording, record, self, recorded, screen, camera, microphone, video"
KB-230,https://help.zipboard.co/article/401-managing-guest-reviewer-notifications-and-access-in-zipbboard,Managing Guest Reviewer Notifications and Access in zipbBoard - zipBoard Help,Article,4,9.553729,12.529003,2.0185387,"notifications, guest, access, reviewer, replies, shared, link, reviewers"
KB-231,https://help.zipboard.co/article/402-workflow-of-clients,Getting Started as Clients - zipBoard Help,Article,4,10.121488,12.327616,1.8988689,"internal, receive, invitation, team, approve, process, redirect, comments"
KB-232,https://help.zipboard.co/article/403-complete-workflow-for-all-zipboard-users,Getting Started as Super Admin and Admin in zipBoard - zipBoard Help,Article,4,9.854017,12.232872,0.7081034,"admin, super, admins, started, organization, getting, add, remove"
KB-233,https://help.zipboard.co/article/409-best-practices-for-creating-scorm-courses-html-that-work-in-zipboard,Best Practices for Creating SCORM Courses / HTML that Work in zipBoard - zipBoard Help,Article,7,9.823173,10.466821,5.4231224,"authoring, courses, zipboard, direct, webpages, course, unique, tool"
KB-234,https://help.zipboard.co/article/41-how-do-i-use-the-responsive-test-feature-of-zipboard,How do I Use the Responsive Test Feature of zipBoard? - zipBoard Help,Article,7,8.025124,10.9625025,6.160913,"session, responsive, resolution, step, review, test, website, feature"
KB-235,https://help.zipboard.co/article/410-how-to-add-a-start-file,How to Add a Start File? - zipBoard Help,Article,7,9.760406,10.69424,5.438304,"file, scorm, html, start, index, authoring, launch, package"
KB-236,https://help.zipboard.co/article/411-a-guide-to-zipboards-task-list,A Guide to zipBoard's Task List - zipBoard Help,Article,5,7.1671314,10.770576,3.2934327,"tasks, list, csv, task, view, filter, import, assets"
KB-237,https://help.zipboard.co/article/412-how-to-find-the-documents-and-digital-assets-you-need-in-zipboard,How to find the documents and digital assets you need in zipBoard? - zipBoard Help,Article,5,7.5414486,10.877979,3.082743,"search, documents, filter, file, list, assets, filtering, digital"
KB-238,https://help.zipboard.co/article/413-the-essential-guide-for-aec-teams,The Guide for AEC Teams - zipBoard Help,Article,1,9.69807,11.576499,3.7151313,"project, documents, aec, architects, construction, managers, review, members"
KB-239,https://help.zipboard.co/article/414-streamlining-aec-collaboration-with-zipboard,Streamlining PDF Collaboration with our Latest Tools! - zipBoard Help,Article,1,9.183514,11.59458,4.333134,"document, indicate, tool, documents, zoom, draw, text, points"
KB-240,https://help.zipboard.co/article/416-how-version-control-works-in-zipboard,How Document Version Control Works in zipBoard? - zipBoard Help,Article,1,8.814941,11.674334,4.0159616,"version, file, versions, control, new, revisions, review, upload"
KB-241,https://help.zipboard.co/article/417-getting-started-with-the-zipboard-outlook-plugin,Getting Started with the zipBoard Outlook Plugin - zipBoard Help,Article,2,8.089695,9.159129,5.5368576,"outlook, plugin, zipboard, email, inbox, application, desktop, tool"
KB-242,https://help.zipboard.co/article/418-new-update-on-ai-powered-statuses,New Update on AI-Powered Statuses - zipBoard Help,Article,5,5.450033,11.152682,2.7542045,"statuses, suggested, recommended, drop, save, ai, unsaved, remove"
KB-243,https://help.zipboard.co/article/419-how-to-manage-custom-statuses,How to Manage Custom Statuses? - zipBoard Help,Article,5,5.4041386,11.13734,2.7026534,"statuses, custom, duplicate, associated, status, prompt, maintaining, deleting"
KB-244,https://help.zipboard.co/article/42-how-to-add-my-screenshots-images-to-review-board,How to add my screenshots/images to reviewboard? - zipBoard Help,Article,7,7.97489,10.849785,6.1180153,"reviewboard, images, integration, screenshots, add, annotations, responsive, drag"
KB-245,https://help.zipboard.co/article/420-how-to-add-statuses-on-a-task-level,How to Add Statuses on a Task Level? - zipBoard Help,Article,5,5.5184236,11.193748,2.8005655,"statuses, task, level, add, step, new, list, status"
KB-246,https://help.zipboard.co/article/421-zipboard-add-in-for-microsoft-outlook,Getting Started with the zipBoard Add-in for Microsoft Outlook - zipBoard Help,Article,2,8.074202,9.220466,5.5244145,"outlook, add, zipboard, password, install, step, using, register"
KB-247,https://help.zipboard.co/article/422-managing-task-types-at-the-project-level,Simplify Task Management with AI-Powered Task Types - zipBoard Help,Article,5,6.171258,10.960748,3.338339,"ai, task, types, default, set, project, tasks, type"
KB-248,https://help.zipboard.co/article/423-getting-started-and-using-ai-powered-task-types-in-zipboard,Getting Started with AI-Powered Task Types - zipBoard Help,Article,5,6.1513534,10.946757,3.3360786,"ai, types, task, industry, powered, zipboard, construction, suggest"
KB-249,https://help.zipboard.co/article/424-using-ai-powered-task-types-in-zipboard,Using AI-Powered Task Types in zipBoard - zipBoard Help,Article,5,6.0626183,10.984918,3.3012178,"types, recommended, suggested, suggestions, apply, ai, dropdown, add"
KB-250,https://help.zipboard.co/article/425-customizing-your-task-types-in-zipboard,Customizing Your Task Types in zipBoard - zipBoard Help,Article,5,6.1524625,11.007949,3.3615963,"types, task, customizing, default, type, customize, project, design"
KB-251,https://help.zipboard.co/article/426-managing-task-types-in-your-project,Managing Task Types in Your Project - zipBoard Help,Article,5,6.0950956,11.020102,3.2932868,"types, task, type, deleting, delete, custom, bulk, ai"
KB-252,https://help.zipboard.co/article/427-how-to-download-pdfs-with-annotations-and-comments-in-zipboard,How to Download PDFs with Annotations and Comments in zipBoard - zipBoard Help,Article,1,9.342804,10.7545,4.266484,"download, pdfs, pdf, comments, annotations, annotated, viewer, chrome"
KB-253,https://help.zipboard.co/article/428-managing-your-billing-and-subscription,Managing Your Billing and Subscription - zipBoard Help,Article,0,2.1223407,5.382976,6.1631904,"plan, billing, subscription, payment, free, ends, cancel, details"
KB-254,https://help.zipboard.co/article/429-how-to-use-ai-powered-autotagging-for-tasks,How to Use AI-Powered Autotagging for Tasks - zipBoard Help,Article,5,6.286156,10.940031,3.4320366,"ai, tagging, tasks, task, tags, title, autotagging, organized"
KB-255,https://help.zipboard.co/article/43-how-do-i-reorder-my-boards,How do I Reorder my Screens? - zipBoard Help,Article,7,8.052448,10.936873,6.133914,"reorder, screens, drag, board, drop, integration, review, screen"
KB-256,https://help.zipboard.co/article/430-how-to-use-auto-tagging-for-files,How to Auto-Tag Files - zipBoard Help,Article,5,6.5147104,10.918158,3.537259,"tagging, ai, auto, files, file, tags, organization, applies"
KB-257,https://help.zipboard.co/article/431-getting-started-with-zipboard-for-aec-professionals,Getting Started with zipBoard: For AEC Professionals - zipBoard Help,Article,1,9.760272,11.501193,3.6933966,"documents, construction, step, document, blueprint, zipboard, feedback, track"
KB-258,https://help.zipboard.co/article/432-getting-started-with-zipboard-for-learning-designers,Getting Started with zipBoard: For Learning Designers - zipBoard Help,Article,1,9.818215,11.528199,3.7592957,"scorm, learning, step, pdfs, share, package, module, videos"
KB-259,https://help.zipboard.co/article/433-getting-started-with-zipboard-for-web-designers,Getting Started with zipBoard: For Web Designers - zipBoard Help,Article,1,10.067878,11.599423,3.3781393,"website, web, design, live, step, mobile, mockups, feedback"
KB-260,https://help.zipboard.co/article/434-getting-started-with-zipboard-for-technical-writers,Getting Started with zipBoard: For Technical Writers - zipBoard Help,Article,1,9.6960535,11.650705,3.8162377,"document, step, manual, technical, versions, feedback, sections, pro"
KB-261,https://help.zipboard.co/article/435-zipboard-pricing-faq,zipBoard Pricing FAQ - zipBoard Help,Article,0,2.0313206,5.2909646,6.165812,"pricing, plan, monthly, cost, month, additional, 25, custom"
KB-262,https://help.zipboard.co/article/436-streamlining-your-workflows-with-content-manager-in-zipboard,Streamlining Your Workflows with Content Manager in zipBoard - zipBoard Help,Article,1,9.4666815,11.244141,3.800176,"content, teams, workflows, zipboard, manager, version, visual, collaboration"
KB-263,https://help.zipboard.co/article/437-how-to-control-client-access-in-zipboard-file-sharing-made-simple,How to Control Client Access When Sharing Files in zipBoard - zipBoard Help,Article,9,10.228166,12.442405,2.5228262,"access, clients, share, client, file, control, modal, permissions"
KB-264,https://help.zipboard.co/article/439-how-to-streamline-your-workflow-using-status-filters-in-zipboard,How to Streamline Your Workflow Using Status Filters in zipBoard - zipBoard Help,Article,5,5.4844704,11.19541,2.775688,"filters, statuses, filtering, improve, filter, status, tasks, time"
KB-265,https://help.zipboard.co/article/44-i-created-a-project-what-next,I created a project. What's next? - zipBoard Help,Article,4,8.162152,11.635054,2.1855748,"dashboard, project, add, selecting, form, messages, integration, viewed"
KB-266,https://help.zipboard.co/article/440-quickly-set-up-your-projects-with-custom-templates-in-zipboard,Quickly Set Up Your Projects with Custom Templates in zipBoard - zipBoard Help,Article,2,9.89629,9.372438,3.9200308,"templates, template, design, industry, project, custom, learning, like"
KB-267,https://help.zipboard.co/article/441-streamlining-file-uploads-with-bulk-upload-in-zipboard,Streamlining Large-Scale File Uploads with Bulk Upload in zipBoard - zipBoard Help,Article,1,9.5910015,10.885929,4.7908483,"bulk, upload, large, scale, file, zipboard, uploads, workflows"
KB-268,https://help.zipboard.co/article/442-setting-up-and-managing-the-procore-integration-in-zipboard,Setting Up and Managing the Procore Integration in zipBoard - zipBoard Help,Article,2,8.531131,8.415738,4.620312,"sync, integrations, procore, zipboard, integration, documents, manual, software"
KB-269,https://help.zipboard.co/article/443-review-tracking-in-zipboard-ensuring-efficient-file-reviews,Document & Content Review Tracking in zipBoard: Ensuring Efficient File Reviews - zipBoard Help,Article,1,9.563995,11.366004,4.752626,"review, file, tracking, content, document, ensuring, necessary, reviewers"
KB-270,https://help.zipboard.co/article/444-enhancing-pdf-collaboration-how-to-draw-on-a-pdf-in-zipboard,Enhancing PDF Collaboration: How to Draw on a PDF in zipBoard - zipBoard Help,Article,1,9.791237,11.546495,3.7107544,"markup, approvals, collaboration, document, pdf, drawing, real, zipboard"
KB-271,https://help.zipboard.co/article/445-construction-template-for-document-reviews,Construction Template for Document Reviews - zipBoard Help,Article,1,9.817151,11.336433,3.6847775,"construction, approvals, document, compliance, submittals, rfis, template, design"
KB-272,https://help.zipboard.co/article/446-learning-design-template-for-elearning-content-reviews,Learning Design Template for eLearning Content Reviews - zipBoard Help,Article,1,9.874987,11.062475,3.658793,"learning, design, instructional, course, development, elearning, content, testing"
KB-273,https://help.zipboard.co/article/447-web-design-template-for-design-feedback-qa,Web Design Template for Design Feedback & QA - zipBoard Help,Article,1,9.979451,11.214168,3.5464146,"design, web, approvals, feedback, user, layouts, revisions, template"
KB-274,https://help.zipboard.co/article/448-content-development-template-for-content-reviews,Content Development Template for Content Reviews - zipBoard Help,Article,1,9.713811,11.128283,3.7085812,"content, development, technical, production, template, structured, workflows, views"
KB-275,https://help.zipboard.co/article/449-how-to-use-the-procore-zipboard-integration-to-improve-collaboration,"Get the Most Out of the zipBoard + Procore Integration: Markup, Share, and Collaborate Without Downloading PDFs - zipBoard Help",Article,1,9.766386,11.471207,3.6891909,"punch, zipboard, documents, synced, drawings, pdfs, items, rfis"
KB-276,https://help.zipboard.co/article/45-how-can-i-add-collaborators-to-my-project,How can I add collaborators to my project? - zipBoard Help,Article,4,9.368413,12.284416,1.4580677,"invite, add, project, admins, invitee, collaborators, addresses, inviting"
KB-277,https://help.zipboard.co/article/450-how-to-share-pdfs-without-login-for-seamless-collaboration,How to Share PDFs Without Login or Signup (No Software Needed) - zipBoard Help,Article,1,9.996082,12.063494,3.4638278,"share, pdfs, login, logins, zipboard, pdf, reviews, boards"
KB-278,https://help.zipboard.co/article/452-managing-your-procore-zipboard-integration-project-sync-permissions-and-what-s-next,"Managing Your Procore + zipBoard Integration: Project Sync, Permissions, and What’s Next - zipBoard Help",Article,2,8.588507,8.390239,4.5638313,"integration, sync, zipboard, syncing, procore, document, settings, managing"
KB-279,https://help.zipboard.co/article/453-how-to-set-up-a-website-feedback-workflow,How to Set Up a Website Feedback Workflow - zipBoard Help,Article,1,10.086108,11.639846,3.268255,"website, feedback, visual, design, clients, tasks, workflow, zipboard"
KB-280,https://help.zipboard.co/article/454-how-to-invite-clients-users-to-review-a-website-no-login-needed,How to Invite Clients & Users to Review a Website (No Login Needed) - zipBoard Help,Article,9,10.156956,12.305515,2.7275178,"website, clients, share, feedback, comments, needed, review, link"
KB-281,https://help.zipboard.co/article/455-how-to-annotate-a-live-website,How to Annotate a Live Website - zipBoard Help,Article,1,10.117158,11.571514,3.34502,"website, live, annotate, design, visual, feedback, leave, web"
KB-282,https://help.zipboard.co/article/458-quickly-navigate-to-the-right-annotation-in-pdf-reviews,Quickly Navigate to the Right Annotation in PDF Reviews - zipBoard Help,Article,1,8.711424,11.570329,4.6947165,"annotation, pdf, reviews, right, jump, focus, comment, list"
KB-283,https://help.zipboard.co/article/459-how-to-manage-tags-in-zipboard-s-new-tags-menu,How to Manage Tags in zipBoard’s New Tags Menu - zipBoard Help,Article,5,6.5762835,10.912883,3.5705197,"tag, tags, menu, hundreds, performance, use, click, large"
KB-284,https://help.zipboard.co/article/46-how-can-i-remove-collaborators-from-my-project,How can I remove collaborators from my project? - zipBoard Help,Article,4,9.514365,12.404147,0.65614456,"remove, project, read, admins, privileges, organization, collaborators, customers"
KB-285,https://help.zipboard.co/article/460-how-to-use-comment-resolution-and-the-new-sidebar-in-zipboard,How to Use Comment Resolution and the New Sidebar in zipBoard - zipBoard Help,Article,1,8.409267,11.525937,4.778907,"sidebar, comments, comment, board, resolve, filter, active, resolved"
KB-286,https://help.zipboard.co/article/461-creating-and-managing-project-custom-templates-in-zipboard,Creating and Managing Project Custom Templates in zipBoard - zipBoard Help,Article,2,9.854511,9.335272,3.8903215,"template, templates, project, structures, export, benefit, creating, exporting"
KB-287,https://help.zipboard.co/article/463-if-i-change-a-template-do-existing-projects-update-too,"If I change a template, do existing projects update too? - zipBoard Help",Article,2,9.738273,9.363353,3.9392467,"template, existing, projects, change, new, integration, changes, update"
KB-288,https://help.zipboard.co/article/466-what-happens-if-you-try-to-delete-a-template-being-used-by-a-live-project,What happens if you try to delete a template being used by a live project? - zipBoard Help,Article,2,9.750632,9.388997,3.9042525,"template, deleting, used, project, future, delete, happens, integration"
KB-289,https://help.zipboard.co/article/47-communicating-with-team-members,"What communication routes I can opt while using zipBoard, to keep the team in sync? - zipBoard Help",Article,4,8.423976,11.71177,2.0025685,"collaborator, message, using, routes, zipboard, opt, notified, mention"
KB-290,https://help.zipboard.co/article/470-can-non-admins-use-templates-once-created,Can non-admins use templates once created? - zipBoard Help,Article,2,9.911021,9.22545,3.9309108,"non, templates, admins, integration, create, use, structures, levels"
KB-291,https://help.zipboard.co/article/471-is-there-a-limit-on-the-number-of-templates-an-organization-can-store,Is there a limit on the number of templates an organization can store? - zipBoard Help,Article,2,9.845566,9.163966,3.9908905,"templates, store, limit, outdated, number, integration, strict, organizations"
KB-292,https://help.zipboard.co/article/472-can-templates-include-reviewers-roles-or-only-structure-in-zipboard,"Can templates include reviewers, roles, or only structure in zipBoard? - zipBoard Help",Article,2,9.877133,9.233228,3.9533951,"templates, structure, roles, reviewers, include, capture, integration, reuse"
KB-293,https://help.zipboard.co/article/474-creating-tasks-from-pdf-annotations,Creating Tasks from PDF Annotations - zipBoard Help,Article,1,8.929336,11.583322,4.566938,"annotation, pdf, document, annotations, task, tracked, creation, free"
KB-294,https://help.zipboard.co/article/48-what-is-the-watcher-feature-for-and-how-do-i-use-it,Stay Updated with the Watcher Feature in zipBoard - zipBoard Help,Article,4,8.212707,11.556901,2.1155303,"watcher, stay, feature, tasks, list, updates, watching, informed"
KB-295,https://help.zipboard.co/article/49-i-have-been-invited-as-a-collaborator-but-unable-to-see-the-project-on-my-dashboard-what-s-wrong-there,I have been invited as a collaborator but unable to see the project on my dashboard. What’s wrong there? - zipBoard Help,Article,4,8.255311,11.635259,2.101959,"profile, invited, project, collaborator, wrong, edit, unable, address"
KB-296,https://help.zipboard.co/article/50-i-see-a-bell-sign-on-my-profile-what-s-that-for,I see a bell sign on my profile. What’s that for? - zipBoard Help,Article,4,8.245358,11.605351,2.0778236,"bell, notification, zipboard, profile, project, integration, mentioning, twitter"
KB-297,https://help.zipboard.co/article/51-how-do-i-access-the-task-manager,How do I Access the Task Manager? - zipBoard Help,Article,5,7.29388,10.963056,3.6855776,"tasks, task, integration, edit, excel, csv, converting, manager"
KB-298,https://help.zipboard.co/article/52-how-do-i-add-new-tasks,How do I add New Tasks? - zipBoard Help,Article,5,7.2482677,11.067999,3.802641,"add, task, tasks, mode, integration, new, generic, dialogue"
KB-299,https://help.zipboard.co/article/53-how-do-i-add-a-new-comment,How Do I Add a New Comment? - zipBoard Help,Article,7,8.123942,11.216399,4.756773,"add, comment, live, comments, annotations, option, integration, make"
KB-300,https://help.zipboard.co/article/54-how-is-a-task-different-from-a-comment,How is a Task Different from a Comment? - zipBoard Help,Article,5,7.2424817,10.956141,3.6555731,"comment, task, resolved, integration, assigned, issue, item, usually"
KB-301,https://help.zipboard.co/article/55-how-can-i-download-all-tasks,How can I Download All Tasks? - zipBoard Help,Article,5,7.2627234,10.710599,3.824578,"download, integration, task, tasks, edition, csv, resolved, mark"
KB-302,https://help.zipboard.co/article/56-how-can-i-view-all-tasks-assigned-to-me,How can I view all tasks assigned to me in a particular project? - zipBoard Help,Article,5,7.2161584,10.893941,3.3578532,"assigned, tasks, particular, integration, task, tab, 31, comment"
KB-303,https://help.zipboard.co/article/57-i-cannot-delete-all-the-tasks-what-am-i-missing,"I cannot delete all the tasks, what am I missing? - zipBoard Help",Article,5,7.403802,10.719352,3.4987183,"tasks, missing, delete, integration, unless, comment, managerial, 2019"
KB-304,https://help.zipboard.co/article/58-how-do-i-edit-a-task,How do I Edit a Task? - zipBoard Help,Article,5,7.148645,11.144092,3.8679752,"task, edit, bulk, integration, edits, dialog, include, boxes"
KB-305,https://help.zipboard.co/article/59-how-do-i-mark-a-task-as-resolved,How do I Mark a Task as Resolved? - zipBoard Help,Article,5,7.248288,10.72121,3.7215648,"resolved, mark, tasks, integration, task, dialogue, excel, fixed"
KB-306,https://help.zipboard.co/article/6-what-is-zipboard,What is zipBoard? - zipBoard Help,Article,7,9.080551,9.939752,4.5931263,"web, zipboard, makes, products, easier, integration, bug, annotate"
KB-307,https://help.zipboard.co/article/60-how-do-i-assign-a-task-to-someone,How do I Assign a Task to Someone? - zipBoard Help,Article,5,7.4943705,10.925711,3.6469474,"assign, task, integration, unassigned, tasks, delete, populated, open"
KB-308,https://help.zipboard.co/article/61-what-is-the-add-tags-feature,Power of Tags: A Comprehensive Guide - zipBoard Help,Article,5,6.632214,10.9504795,3.654686,"tagging, tags, tag, uploads, cards, information, edit, tasks"
KB-309,https://help.zipboard.co/article/62-does-zipboard-integrate-with-jira,Does zipBoard integrate with JIRA? - zipBoard Help,Article,2,7.8338137,7.786231,4.8473463,"jira, integrate, zipboard, integration, does, integrating, mapped, issues"
KB-310,https://help.zipboard.co/article/63-how-do-i-integrate-zipboard-with-jira,How do I Integrate zipBoard with JIRA? - zipBoard Help,Article,2,7.8596606,7.809328,4.8556976,"jira, token, server, zipboard, integration, integrate, cloud, click"
KB-311,https://help.zipboard.co/article/64-how-are-statuses-and-priorities-mapped-between-zipboard-and-jira,How are Statuses Mapped between zipBoard and JIRA? - zipBoard Help,Article,2,7.9791245,7.6589136,4.6917367,"jira, mapped, statuses, integration, zipboard, default, mapping, authenticate"
KB-312,https://help.zipboard.co/article/65-how-do-i-remove-zipboards-integration-with-jira,How do I Remove zipBoard's Integration with JIRA? - zipBoard Help,Article,2,8.010922,8.59373,4.5264244,"integration, jira, unlinked, unlink, clicking, icon, remove, alongside"
KB-313,https://help.zipboard.co/article/66-how-do-i-view-the-associated-jira-issues-directly,How Do I view the Associated JIRA Issues Directly? - zipBoard Help,Article,2,8.102275,7.8059955,4.7569284,"jira, zipboard, linked, issues, integration, working, associated, view"
KB-314,https://help.zipboard.co/article/67-how-do-i-edit-jiras-integration-settings,How do I Edit JIRA's Integration Settings? - zipBoard Help,Article,2,8.012042,7.7136135,4.6596813,"jira, edit, integration, settings, incorporated, forget, zipboard, fields"
KB-315,https://help.zipboard.co/article/68-im-getting-the-unable-to-authenticate-error-what-should-i-do,"I'm getting the ""Unable to authenticate error"" when integrating with JIRA. What should I do? - zipBoard Help",Article,2,7.697852,7.5339513,4.691011,"jira, atlassian, password, username, authenticate, cloud, suite, unable"
KB-316,https://help.zipboard.co/article/68-im-getting-the-unable-to-authenticate-error-when-integrating-with-jira-what-should-i-do,"I'm getting the ""Unable to authenticate error"" when integrating with JIRA. What should I do? - zipBoard Help",Article,2,7.776607,7.6966853,4.8285584,"jira, atlassian, password, username, authenticate, cloud, suite, unable"
KB-317,https://help.zipboard.co/article/69-does-zipboard-integrate-with-slack,Does zipBoard Integrate with Slack? - zipBoard Help,Article,2,8.442061,8.727541,4.637721,"slack, integration, integrate, zipboard, does, https, article, messaging"
KB-318,https://help.zipboard.co/article/7-what-is-zipboard-for,What is zipBoard for? - zipBoard Help,Article,2,9.016481,9.781669,4.621163,"zipboard, lengthy, face, communicate, bugs, reduce, issues, collaboration"
KB-319,https://help.zipboard.co/article/70-how-do-i-integrate-zipboard-with-slack,How do I Integrate zipBoard with Slack? - zipBoard Help,Article,2,8.363657,8.622601,4.524921,"integrate, slack, integration, zipboard, select, authorize, properly, settings"
KB-320,https://help.zipboard.co/article/71-how-do-i-remove-zipboards-integration-with-slack,How do I Remove zipBoard's Integration with Slack? - zipBoard Help,Article,2,8.43146,9.013551,4.619979,"integration, slack, remove, integrate, zipboard, indicated, away, removing"
KB-321,https://help.zipboard.co/article/72-how-do-i-edit-slacks-integration-settings,How do I Edit Slack's Integration Settings? - zipBoard Help,Article,2,8.519028,8.788005,4.6052523,"integration, edit, changing, channel, slack, settings, indicated, good"
KB-322,https://help.zipboard.co/article/73-what-is-the-difference-between-owner-manager-collaborator-and-client,"What’s the difference between Super Admin, Admin, Manager, Collaborator, Client, Guest Collaborator and Reviewer? - zipBoard Help",Article,4,10.041611,12.158458,1.0045688,"admin, collaborator, super, guest, organization, remove, add, stakeholders"
KB-323,https://help.zipboard.co/article/73-what-s-the-difference-between-owner-manager-and-reviewer,"What’s the difference between Super Admin, Admin, Manager, Collaborator, Client, Guest Collaborator and Reviewer? - zipBoard Help",Article,4,10.092898,12.249052,1.0166148,"admin, collaborator, super, guest, organization, remove, add, stakeholders"
KB-324,https://help.zipboard.co/article/74-can-i-be-a-part-of-multiple-projects-and-teams-from-one-zipboard-account,Can I be a part of multiple projects and teams from one zipBoard account? - zipBoard Help,Article,2,8.4737625,9.691777,4.772786,"teams, multiple, integration, projects, personal, account, space, zipboard"
KB-325,https://help.zipboard.co/article/76-how-do-i-create-an-organization-i-don-t-see-the-option-anywhere,How do I create an organization? I don’t see the option anywhere. - zipBoard Help,Article,4,9.277433,12.192117,0.70062137,"organization, don, admins, option, create, september, enabled, send"
KB-326,https://help.zipboard.co/article/77-why-am-i-added-to-all-the-projects-in-my-organization,Why am I added to all the projects in my organization? - zipBoard Help,Article,4,9.305604,12.289945,0.6571619,"organization, added, admins, creates, september, 30, owner, super"
KB-327,https://help.zipboard.co/article/8-who-is-zipboard-for,Who is zipBoard for? - zipBoard Help,Article,2,8.933243,9.63984,4.6911187,"zipboard, teams, web, process, designers, elearning, integration, tracking"
KB-328,https://help.zipboard.co/article/81-what-plan-is-right-for-me,Which Plan is Right for me? - zipBoard Help,Article,0,2.2954016,5.546475,6.1348057,"definitely, integration, bug, plan, period, unsure, right, zipboard"
KB-329,https://help.zipboard.co/article/82-can-i-change-my-plan,Can I Change my Plan? - zipBoard Help,Article,0,2.2094269,5.4687796,6.175449,"plan, change, plans, integration, immediate, unsure, definitely, end"
KB-330,https://help.zipboard.co/article/83-ive-been-added-to-a-project-what-next,I've been added to a project. What's next? - zipBoard Help,Article,1,8.243618,11.596686,4.024881,"added, start, content, file, reviewing, zipboard, integration, review"
KB-331,https://help.zipboard.co/article/84-ive-created-a-task-what-next,What  Information is Available/Can be Populated in a Task Once it is Created? - zipBoard Help,Article,5,7.0462675,11.354918,3.62929,"task, assigning, updating, issue, duplicate, view, dropdown, screen"
KB-332,https://help.zipboard.co/article/84-what-information-is-availablecan-be-populated-in-a-task-once-it-is-created,What  Information is Available/Can be Populated in a Task Once it is Created? - zipBoard Help,Article,5,7.078792,11.353472,3.6769583,"task, assigning, updating, issue, duplicate, view, dropdown, screen"
KB-333,https://help.zipboard.co/article/85-how-to-update-your-file-version-without-losing-the-previous-versions,How to Add a New File Version? - zipBoard Help,Article,1,8.4009,11.68028,3.9313526,"version, file, august, new, zipboard, integration, ve, add"
KB-334,https://help.zipboard.co/article/86-how-can-i-archive-restore-my-zipboard-project,How Can I Archive or Restore my zipBoard project? - zipBoard Help,Article,1,8.066984,11.548991,3.7690136,"restore, archive, archived, project, integration, click, plan, just"
KB-335,https://help.zipboard.co/article/88-my-mails-are-not-delivered-what-should-i-do,My mails are not delivered. What should I do? - zipBoard Help,Article,1,8.229932,11.607181,3.7752893,"mails, preferences, delivered, instantly, zipboard, email, send, profile"
KB-336,https://help.zipboard.co/article/89-i-have-already-added-some-comments-but-now-i-want-to-update-them-to-tasks-can-i-do-it,"I have already added some comments. But now I want to update them to tasks, can I do it? - zipBoard Help",Article,1,8.127096,11.58735,3.853197,"tasks, comments, update, added, integration, feedback, validate, zipboard"
KB-337,https://help.zipboard.co/article/9-im-stuck-how-do-i-contact-zipboard,I'm stuck! How do I contact zipBoard? - zipBoard Help,Article,7,9.462952,10.39651,5.685154,"stuck, zipboard, integration, uploaded, happened, bad, just, oh"
KB-338,https://help.zipboard.co/article/90-i-need-to-share-my-zipboard-project-with-my-stakeholders-but-don-t-want-to-add-them-as-collaborators-is-there-a-way-to-do-that,Streamlining External Stakeholder Feedback for Digital Content Reviews - zipBoard Help,Article,9,9.793408,12.567566,2.9952018,"share, link, content, guest, reviews, different, feedback, digital"
KB-339,https://help.zipboard.co/article/91-importing-data-to-zipboard,How Can I Import Data to zipBoard? - zipBoard Help,Article,5,7.3366213,10.371689,3.7298286,"import, csv, zipboard, integration, tasks, generic, option, excel"
KB-340,https://help.zipboard.co/article/92-exporting-data-from-zipboard,How Can I Export Data from zipBoard? - zipBoard Help,Article,5,7.498684,10.548358,3.845768,"download, export, clicking, zipboard, selected, data, integration, task"
KB-341,https://help.zipboard.co/category/106-project-phases,Projects &  Phases - zipBoard Help,Category,8,6.2874174,12.786124,2.1176183,"phase, project, sort, statuses, level, zipboard, integration, create"
KB-342,https://help.zipboard.co/category/106-project-phases/2,Projects &  Phases - zipBoard Help,Category,2,9.33887,8.833762,4.5942893,"sort, custom, templates, integration, statuses, projects, announcement, zipboard"
KB-343,https://help.zipboard.co/category/118-getting-started-with-zipboard,Help Scout - Log In,Category,6,-0.50703263,3.4754448,-0.77994543,"javascript, browser, option, google, click, restart, effect, mac"
KB-344,https://help.zipboard.co/category/12-task-manager,"Tags, Status, & Task Manager - zipBoard Help",Category,5,6.5114145,10.883863,3.405818,"task, ai, sort, tasks, types, tags, integration, manager"
KB-345,https://help.zipboard.co/category/12-task-manager/2,"Tags, Status, & Task Manager - zipBoard Help",Category,5,6.9548464,10.775909,3.3290305,"tasks, sort, task, zipboard, notifications, integration, tags, statuses"
KB-346,https://help.zipboard.co/category/13-jira-integration,JIRA Integration - zipBoard Help,Category,2,7.864482,7.6558313,4.800379,"jira, integration, sort, zipboard, authenticate, error, integrate, does"
KB-347,https://help.zipboard.co/category/14-slack-integration,Slack Integration - zipBoard Help,Category,2,8.950555,8.669962,4.6539955,"integration, sort, slack, integrate, zipboard, channel, notified, tools"
KB-348,https://help.zipboard.co/category/147-enterprise,Account & Management - zipBoard Help,Category,0,2.0614614,5.3215938,6.1548524,"plan, sort, pricing, enterprise, zipboard, integration, account, custom"
KB-349,https://help.zipboard.co/category/172-api-documentation,Help Scout - Log In,Category,6,-0.4477177,3.534775,-0.7206187,"javascript, browser, option, google, click, restart, effect, mac"
KB-350,https://help.zipboard.co/category/176-api-documentation,API Documentation - zipBoard Help,Category,3,7.510504,4.366607,5.1721306,"api, sort, documentation, responses, links, issues, organization, apis"
KB-351,https://help.zipboard.co/category/185-projects,API for Project - zipBoard Help,Category,3,7.123606,3.6208677,5.2231665,"id, project, string, http, n6drgcj2rkawbu948, api, title, 01"
KB-352,https://help.zipboard.co/category/186-files,API for Files (URL) - zipBoard Help,Category,3,7.1998415,3.5594723,5.134384,"http, string, file, api, true, bing, id, 01"
KB-353,https://help.zipboard.co/category/187-tasks,API for Issues (Task) - zipBoard Help,Category,3,7.004566,3.7193518,5.3318863,"string, http, task, 02, 2020, api, 18t09, id"
KB-354,https://help.zipboard.co/category/188-comments,API for Issues (Feedback) - zipBoard Help,Category,3,7.023571,3.5324667,5.2994046,"string, http, api, id, 2019, 01, params, authorization"
KB-355,https://help.zipboard.co/category/189-review-links,API for Review Links - zipBoard Help,Category,3,7.2755475,3.548957,5.0665245,"http, shareurl, api, sharelink, fileid, string, projectid, authorization"
KB-356,https://help.zipboard.co/category/204-wrike-integration,WRIKE Integration - zipBoard Help,Category,2,8.692438,7.9792814,4.667566,"sort, wrike, integration, mapped, zipboard, integrate, priorities, tools"
KB-357,https://help.zipboard.co/category/224-client-feedback,Client Sharing & Feedback - zipBoard Help,Category,2,9.331256,8.93528,4.853706,"sort, feedback, integration, client, zipboard, sharing, comfortable, mocks"
KB-358,https://help.zipboard.co/category/236-organization,Organization - zipBoard Help,Category,3,7.672064,4.6335816,5.0550437,"sort, organization, api, responses, documentation, categories, popularity, toggle"
KB-359,https://help.zipboard.co/category/239-responses,Responses - zipBoard Help,Category,3,7.7657194,4.7963176,5.053168,"responses, sort, categories, documentation, api, popularity, toggle, search"
KB-360,https://help.zipboard.co/category/293-lambdatest-integration,LambdaTest Integration - zipBoard Help,Category,2,9.0665865,8.735764,4.764255,"sort, integration, lambdatest, zipboard, integrate, contains, docs, tools"
KB-361,https://help.zipboard.co/category/303-features,Product Features - zipBoard Help,Category,2,9.623461,9.210148,4.439532,"zipboard, templates, sort, streamlining, template, reviews, integration, use"
KB-362,https://help.zipboard.co/category/303-features/2,Product Features - zipBoard Help,Category,2,9.229126,8.830974,4.8430624,"sort, integration, board, adding, zipboard, tools, zapier, bell"
KB-363,https://help.zipboard.co/category/363-microsoft-integration,Microsoft Integration - zipBoard Help,Category,2,9.253637,8.851191,4.817561,"sort, integration, microsoft, zipboard, outlook, integrated, tools, resources"
KB-364,https://help.zipboard.co/category/364-data-security-privacy,Data Security & Privacy - zipBoard Help,Category,2,9.315086,8.857988,4.971216,"sort, secure, integration, data, zipboard, emergency, backup, case"
KB-365,https://help.zipboard.co/category/365-troubleshooting-and-errors,Troubleshooting and Errors - zipBoard Help,Category,7,9.67377,10.226226,5.8068123,"sort, issue, file, uploaded, stuck, wrong, scorm, annotations"
KB-366,https://help.zipboard.co/category/369-for-super-admins,All About Super Admins & Admins - zipBoard Help,Category,4,9.739919,12.23523,0.60247964,"admins, super, sort, organization, admin, members, understanding, popularity"
KB-367,https://help.zipboard.co/category/370-for-managers,All About Managers - zipBoard Help,Category,4,9.683553,12.292289,0.5569203,"managers, sort, members, admins, adding, organization, project, role"
KB-368,https://help.zipboard.co/category/371-for-collaborators,All About Collaborators - zipBoard Help,Category,4,9.485243,12.111462,1.0799563,"sort, collaborator, collaborators, project, admins, guest, remove, thier"
KB-369,https://help.zipboard.co/category/372-for-clients,All About Clients - zipBoard Help,Category,4,10.118957,12.2983465,1.3422471,"clients, sort, role, admins, enterprise, zipboard, edition, client"
KB-370,https://help.zipboard.co/category/373-general,Getting Started - zipBoard Help,Category,4,9.916241,12.331772,0.9469598,"admin, sort, super, started, getting, zipboard, roles, admins"
KB-371,https://help.zipboard.co/category/379-zbreviewboard-extension,zBreviewboard Extension - zipBoard Help,Category,7,7.839179,9.738216,6.0743985,"install, extension, sort, zbreviewboard, internet, explorer, integration, browser"
KB-372,https://help.zipboard.co/category/380-sharing-links-to-external-collaborators,Sharing Files with External Collaborators - zipBoard Help,Category,9,10.635148,13.44563,3.0229688,"share, given, link, boards, ve, reviews, sort, access"
KB-373,https://help.zipboard.co/category/385-pdf-tools-and-resources,PDF Tools and Resources - zipBoard Help,Category,1,9.628994,10.498646,4.473323,"sort, pdf, zipboard, share, annotation, file, tools, started"
KB-374,https://help.zipboard.co/category/385-pdf-tools-and-resources/2,PDF Tools and Resources - zipBoard Help,Category,2,9.305321,8.779937,4.8309493,"sort, integration, tools, resources, pdf, consolidated, reports, popularity"
KB-375,https://help.zipboard.co/category/386-image-videos-tools-and-resources,"Image, Video, & Audio Tools and Resources - zipBoard Help",Category,7,9.506756,10.330639,4.75877,"sort, zipboard, images, video, upload, review, tools, share"
KB-376,https://help.zipboard.co/category/386-image-videos-tools-and-resources/2,"Image, Video, & Audio Tools and Resources - zipBoard Help",Category,2,9.409488,8.900628,4.7466793,"sort, integration, tools, resources, scale, large, bulk, image"
KB-377,https://help.zipboard.co/category/387-url-zip-tools-and-resources,URL & ZIP Tools and Resources - zipBoard Help,Category,7,9.661209,10.525228,5.034559,"sort, zipboard, file, website, html, scorm, designers, tools"
KB-378,https://help.zipboard.co/category/387-url-zip-tools-and-resources/2,URL & ZIP Tools and Resources - zipBoard Help,Category,2,9.351984,8.9410305,4.755545,"sort, integration, tools, resources, consolidated, mention, tag, zip"
KB-379,https://help.zipboard.co/category/4-introduction,Getting Started - zipBoard Help,Category,2,9.479259,9.438308,4.6148243,"started, zipboard, getting, sort, template, designers, integration, sign"
KB-380,https://help.zipboard.co/category/4-introduction/2,Getting Started - zipBoard Help,Category,2,9.521935,9.300195,4.5767326,"zipboard, sort, design, template, content, uploads, integration, tools"
KB-381,https://help.zipboard.co/category/451-procore-integration,Procore Integration - zipBoard Help,Category,2,9.264809,8.709621,4.7099667,"integration, sort, procore, managing, zipboard, downloading, markup, setting"
KB-382,https://help.zipboard.co/category/5-general,General Tutorials and Guides - zipBoard Help,Category,2,9.293263,9.25153,4.9610696,"sort, zipboard, live, content, integration, screens, add, statuses"
KB-383,https://help.zipboard.co/category/5-general/2,General Tutorials and Guides - zipBoard Help,Category,2,9.458534,8.759592,5.0582447,"sort, announcement, zipboard, kanban, integration, digital, annotate, use"
KB-384,https://help.zipboard.co/collection/1-knowledge-base,Knowledge Base - zipBoard Help,Collection,2,8.211851,8.51257,5.0052667,"integrate, zipboard, integration, popular, microphone, base, outlook, knowledge"
KB-385,https://help.zipboard.co/collection/173-apis,API Documentation - zipBoard Help,Collection,3,7.5194693,4.370241,5.0712814,"api, sort, documentation, responses, links, issues, organization, apis"
KB-386,https://help.zipboard.co/collection/366-zipboard-users,zipBoard Users - zipBoard Help,Collection,4,9.923828,12.278875,1.1593711,"collaborator, admin, reviewer, admins, super, popular, adding, zipboard"
KB-387,https://help.zipboard.co/members/forgot-password,Not Found,Members,7,8.747889,11.268864,5.758041,"page, requested"
